Num_Acc;an;mois;jour;hrmn;lum;agg;int;atm;col;com;adr;gps;lat;long;dep
201500000062;15;11;2;945;1;2;1;5;3;268;138 rue gendarmerie;M;5064100.0;272200.0;590
201500000092;15;5;5;1200;1;1;1;6;2;611;LAMBERSART RUE DE;M;5066572.0;300818.0;590
201500000093;15;5;22;1100;1;2;1;1;1;611;CHEMIN DE QUESNOY;M;5069039.0;299471.0;590
201500000097;15;12;17;1200;1;1;1;1;3;252;;M;0.0;0.0;590
201500000102;15;11;8;900;1;1;1;7;2;38;;M;0.0;0.0;590
201500000110;15;8;10;1445;1;1;1;1;1;529;;M;0.0;0.0;590
201500000120;15;9;3;1800;1;2;7;3;6;249;place georges coppeaux;M;0.0;0.0;590
201500000190;15;12;4;1730;3;2;9;1;1;357;route de feignies;M;0.0;0.0;590
201500000209;15;5;26;1830;1;2;2;1;3;579;rue d'arras;M;5018183.0;265780.0;620
201500000218;15;6;28;945;1;2;3;1;3;861;RUE VICTOR HUGO;M;5037620.0;280639.0;620
201500000246;15;6;15;1845;1;2;1;1;6;473;rue de l'église de ber;M;5061111.0;247597.0;620
201500000248;15;6;28;1545;1;2;1;1;1;473;Rue Roger Salengro;M;5061875.0;247133.0;620
201500000259;15;7;1;1830;1;2;1;7;2;268;rue Jean macé, desvres;M;5066697.0;184069.0;620
201500000263;15;9;6;1715;1;2;1;1;1;268;;M;5067859.0;183109.0;620
201500000303;15;7;2;1700;1;2;1;1;1;14;rue du doyen;M;5063973.0;239581.0;620
201500000321;15;6;26;1200;1;1;9;1;1;451;;M;5047660.0;227821.0;620
201500000340;15;1;4;2145;5;2;6;1;3;16;rond point rue lamarack;M;5000293.0;265187.0;800
201500000348;15;10;30;1130;1;2;1;1;1;16;66, RUE JEAN JAURES;M;4999797.0;265018.0;800
201500000380;15;9;28;1100;1;2;5;7;1;720;;M;0.0;0.0;20
201500000389;15;1;6;1500;1;2;1;1;3;163;rue Emile Morlot;M;4897712.0;328837.0;20
201500000411;15;1;9;1345;1;2;1;1;2;210;Route de vouziers;M;0.0;0.0;20
201500000443;15;5;15;1600;1;2;1;1;1;681;chemin communal 1;M;4939842.0;194846.0;600
201500000444;15;6;1;1830;1;1;1;1;3;616;;M;4935566.0;176780.0;600
201500000467;15;4;9;1800;1;2;1;1;1;462;Rue de Calais;M;4933401.0;219832.0;600
201500000473;15;10;1;1415;1;2;2;1;3;330;Rue Madame;M;4929610.0;215942.0;600
201500000486;15;4;19;1115;1;1;9;1;3;360;;M;4932925.0;246802.0;600
201500000487;15;6;7;1415;1;2;1;1;1;360;RUELLE MONHOMME;M;4933071.0;245830.0;600
201500000530;15;6;10;1145;1;2;1;1;1;612;AVENUE ALBERT 1 ER;M;4920365.0;259470.0;600
201500000539;15;9;26;700;2;1;1;1;1;517;;M;4922813.0;222668.0;600
201500000544;15;7;6;1945;1;2;6;1;3;346;3ème av - av beaumont;M;4916771.0;242309.0;600
201500000548;15;12;26;1100;1;2;6;1;1;141;;M;4919291.0;246331.0;600
201500000561;15;4;2;1745;1;2;1;1;3;509;rue de la paix;M;4930849.0;260296.0;600
201500000568;15;7;20;600;2;1;1;2;2;594;;M;4949164.0;101455.0;760
201500000593;15;9;19;1445;1;1;1;1;1;125;;M;4961913.0;118121.0;760
201500000602;15;9;6;1130;1;2;2;1;3;636;D43;M;4950109.0;93159.0;760
201500000612;15;6;21;1715;1;1;1;1;3;268;;M;4968543.0;32054.0;760
201500000646;15;3;6;1445;1;1;1;7;2;459;;M;4971081.0;149927.0;760
201500000693;15;6;11;700;1;2;3;1;1;611;Rue Abbé Pierre Deleau;M;4964853.0;89460.0;760
201500000726;15;6;4;1615;1;2;6;1;3;448;rue isambard;M;4901415.0;138559.0;270
201500000740;15;11;4;1330;1;2;1;1;1;495;;M;4925179.0;135426.0;270
201500000785;15;7;24;1500;1;1;1;1;3;249;;M;4918269.0;125726.0;270
201500000789;15;11;28;1130;1;1;1;1;3;22;;M;4919361.0;133205.0;270
201500000798;15;9;2;1900;2;1;6;7;3;196;;M;4929714.0;117494.0;270
201500000835;15;7;31;945;1;1;2;7;1;67;;M;4821665.0;-159149.0;350
201500000847;15;10;29;900;1;1;1;1;5;133;La Croix;M;4810850.0;-203600.0;350
201500000853;15;7;30;1600;1;2;6;7;3;37;rond-point de Chauny;M;4804564.0;-187283.0;350
201500000857;15;11;1;1230;1;2;2;1;3;196;Crfour Pompidou fontenel;M;4807840.0;-184384.0;350
201500000865;15;8;18;1045;1;1;1;1;1;243;;M;4834869.0;-126208.0;350
201500000880;15;5;14;1445;1;1;1;1;3;341;Les Hautes Rottes;M;4840023.0;-142030.0;350
201500000890;15;4;9;1845;1;2;1;1;3;64;chemin de la guerinais;M;0.0;0.0;350
201500000938;15;5;11;1745;1;1;1;1;2;360;;M;4810534.0;-120733.0;350
201500000942;15;8;2;1030;1;2;1;1;1;347;la croix carre - D794;M;4818768.0;-132166.0;350
201500000958;15;7;4;945;1;1;1;1;7;207;;M;4808536.0;-148281.0;350
201500000964;15;6;30;1830;1;1;1;1;2;359;;M;4794659.0;-127531.0;350
201500000970;15;8;7;1215;1;2;1;1;3;136;44 rue jean marie lacire;M;4796298.0;-149371.0;350
201500000982;15;6;26;1615;1;2;6;1;3;93;rond-point maréchal foch;M;4846798.0;-250691.0;220
201500001013;15;4;9;1500;1;1;2;1;3;171;Ravilly;M;4838521.0;-282788.0;220
201500001016;15;8;6;2030;2;2;3;1;3;287;RUE SAINT YVES;M;4846970.0;-288259.0;220
201500001063;15;7;29;930;1;1;1;7;2;226;rue Luc ROBERT;M;4808430.0;-440212.0;290
201500001076;15;8;21;1630;1;1;1;7;1;58;Hent Kerbader;M;4786017.0;-402206.0;290
201500001083;15;3;5;1945;3;1;1;1;2;158;route de Gouesnac'h;M;4781854.0;-431299.0;290
201500001092;15;12;20;1645;1;2;1;2;3;245;22 rue des alouettes;M;4845013.0;-433164.0;290
201500001107;15;3;31;1715;1;2;1;1;3;117;Rue de Treglonou;M;4856597.0;-452460.0;290
201500001118;15;5;14;1045;1;1;1;1;1;196;Landre ;M;4850597.0;-458269.0;290
201500001121;15;6;12;1715;1;2;1;1;3;109;Rue Poullaouec;M;4853300.0;-472671.0;290
201500001122;15;6;20;1545;1;1;1;1;3;149;;M;4846688.0;-456667.0;290
201500001139;15;1;17;1445;1;2;6;2;3;24;boulevard Jean Moulin;M;4827487.0;-355844.0;290
201500001148;15;12;29;1545;1;2;1;1;1;24;kervasdoué;M;4829294.0;-355543.0;290
201500001149;15;4;8;1730;1;1;1;1;3;249;Hir Gars;M;4817034.0;-381130.0;290
201500001156;15;7;22;1545;1;1;1;1;3;42;Kersiguenou;M;4825712.0;-453816.0;290
201500001161;15;10;12;715;5;2;6;1;3;120; Rp du Douarou;M;4824842.0;-441844.0;290
201500001174;15;2;22;1015;1;1;1;2;3;204;Run Poulzic;M;4849917.0;-417386.0;290
201500001189;15;10;31;1700;1;2;1;1;1;276;La Croix;M;4866609.0;-406760.0;290
201500001198;15;10;13;1645;1;2;1;1;5;158;42 ROUTE DE PLOEREN;M;4769356.0;-280784.0;560
201500001202;15;6;5;1830;1;2;1;1;3;183;RUE DU HOUX;M;0.0;0.0;560
201500001208;15;9;27;1600;1;1;1;1;3;126;;M;4755954.0;-239514.0;560
201500001217;15;10;18;1145;1;2;1;1;1;184;Rue du reliquaire;M;4766171.0;-245365.0;560
201500001230;15;8;6;1000;1;1;6;1;3;176;;M;0.0;0.0;560
201500001237;15;12;29;1330;1;2;1;7;3;263;RUE General DE GAULLE;M;4770387.0;-295489.0;560
201500001244;15;6;17;1730;1;2;1;1;1;169;24 rue du driasker;M;0.0;0.0;560
201500001248;15;4;27;815;1;2;6;1;1;127;rond point du stade;M;4807760.0;-229033.0;560
201500001293;15;6;10;1045;1;2;3;1;3;117;Rue Jacques Cartier;M;4788925.0;-283812.0;560
201500001301;15;1;24;1000;1;1;1;1;2;14;;M;0.0;0.0;560
201500001314;15;6;1;1645;1;2;3;1;3;384;;M;4931490.0;-35538.0;140
201500001336;15;6;7;1135;1;2;2;1;3;166;;M;4929120.0;-28261.0;140
201500001347;15;10;20;1530;1;1;1;1;3;46;;M;4923080.0;-21643.0;140
201500001382;15;1;28;800;5;2;1;1;6;431;AVENUE JEAN JAUR?S;M;4907290.0;-7597.0;140
201500001407;15;7;16;1215;1;1;2;1;1;316;;M;4926390.0;-4287.0;140
201500001438;15;12;28;1500;1;2;1;1;6;468;PLACE DE LA VAUTERIE;M;4922010.0;-110227.0;500
201500001487;15;9;2;2100;2;1;1;1;3;447;LA HUBERDIERE;M;4879850.0;-152158.0;500
201500001497;15;4;10;2045;2;1;1;2;1;74;LE PONT DE PIERRE;M;4871460.0;-117902.0;500
201500001504;15;1;11;1030;1;1;1;7;5;41;LE CHATEAU;M;4967090.0;-185410.0;500
201500001519;15;9;17;1900;1;1;1;1;5;87;HAMEAU AUX PETITS;M;4955890.0;-163001.0;500
201500001599;15;5;29;1350;1;2;2;1;3;53;2 TER, BERT (AVENUE PAUL;M;4620195.0;522072.0;10
201500001609;15;7;1;1245;1;2;6;7;3;53;12, PAQUERETTES ( CHEMIN;M;4621760.0;522767.0;10
201500001634;15;10;21;1409;1;1;3;1;3;344;SANS, TREVOUX (AVENUE DE;M;4619840.0;517531.0;10
201500001637;15;11;6;1455;1;1;2;1;3;289;snr, BOULEAUX ( CHEMIN D;M;4617672.0;523421.0;10
201500001643;15;12;16;1035;1;2;2;1;3;53;ROBIN (RUE CHARLES);;;;10
201500001653;15;8;1;1000;1;1;4;1;3;249;;M;4865983.0;2469.0;610
201500001685;15;7;10;1315;1;2;3;1;3;63;grande rue;M;4869722.0;-36888.0;610
201500001720;15;8;16;1200;1;2;6;1;3;456;Lieu-dit Anglures;M;4876105.0;64136.0;610
201500001759;15;5;17;900;1;1;2;1;1;212;la debaudière;M;4714429.0;-125198.0;440
201500001796;15;9;6;530;3;1;1;1;2;54;le breil;M;4770019.0;-135142.0;440
201500001806;15;6;23;2130;2;1;1;1;1;15;le port d'o;M;4746857.0;-183713.0;440
201500001849;15;8;20;1145;1;1;1;1;3;164;noyeux;M;4707600.0;-188500.0;440
201500001850;15;9;27;930;1;1;1;1;2;126;chantepie;M;4713315.0;-216434.0;440
201500001862;15;8;20;1815;1;2;3;1;3;154;Avenue Raymond Poincare;M;4725670.0;-216026.0;440
201500001869;15;3;2;1215;1;2;1;1;1;186;rue de bel air;M;4710627.0;-181335.0;440
201500001873;15;6;8;1830;1;1;2;1;3;145;la chaussée de retz;M;4719385.0;-185107.0;440
201500001882;15;10;8;1130;1;2;6;1;3;47;Rue du Stade;M;4721802.0;-168261.0;440
201500001884;15;12;2;1530;1;2;6;1;3;47;rue Henri Gautier;M;0.0;0.0;440
201500001904;15;9;9;1330;1;1;1;1;2;30;le haut de ranretz;M;4744654.0;-226458.0;440
201500001966;15;8;30;1345;1;2;1;3;3;257;rue de chalou;M;4765710.0;-20595.0;490
201500001982;15;12;6;830;2;1;1;8;2;92;;M;4719869.0;-71855.0;490
201500002018;15;5;21;1545;1;1;1;1;5;30;;M;4735405.0;-8286.0;490
201500002019;15;6;1;1830;1;1;1;1;5;2;La ruette noire;M;4728685.0;1626.0;490
201500002027;15;7;29;2030;1;2;2;1;3;253;Rue de la basse Paleine;M;4712745.0;-23793.0;490
201500002084;15;6;6;1815;1;1;1;1;1;110;;M;4786284.0;-52260.0;530
201500002123;15;6;11;1045;1;2;1;1;1;121;Grande rue;M;4841802.0;-33613.0;530
201500002145;15;3;7;900;1;1;1;1;2;54;;M;4803200.0;36700.0;720
201500002149;15;6;3;1645;1;2;1;1;1;300;d323  route du mans;M;0.0;0.0;720
201500002163;15;6;15;1630;1;1;1;1;1;253;;M;0.0;0.0;720
201500002164;15;6;25;1730;1;1;1;1;3;280;;M;0.0;0.0;720
201500002178;15;5;21;745;1;1;1;1;1;154;;M;4769200.0;-4400.0;720
201500002224;15;10;20;1000;1;1;1;1;3;316;;M;0.0;0.0;720
201500002238;15;11;24;745;5;2;1;2;1;6;route du Mans;M;0.0;0.0;720
201500002245;15;8;18;1615;1;1;2;1;1;61;;M;0.0;0.0;850
201500002248;15;11;16;1200;1;1;1;1;2;135;;M;4654355.0;-124116.0;850
201500002292;15;8;13;1245;1;2;9;1;3;3;Rue des Jardins;M;4673957.0;-160590.0;850
201500002299;15;11;3;830;1;2;1;1;1;155;rue de beaupuy;M;4671723.0;-145312.0;850
201500002304;15;6;8;845;1;2;1;1;1;92;BOULEVARD DE HOCHE;M;4645959.0;-79837.0;850
201500002313;15;8;3;1800;1;2;2;1;3;216;rue de l'aumonerie;M;4648300.0;-111780.0;850
201500002332;15;9;4;1730;1;1;1;1;1;31;;M;4680100.0;-94100.0;850
201500002345;15;3;25;945;1;1;1;1;2;6;LA RABILLERIE;M;4678477.0;-173501.0;850
201500002352;15;12;5;915;1;2;1;7;6;47;25 Chemin des Taraudière;M;4685874.0;-187167.0;850
201500002359;15;7;6;1645;1;1;6;1;3;11;;M;4693642.0;-216723.0;850
201500002372;15;3;23;1230;1;2;1;1;3;234;RD 38 bis, PK 37+600;M;4679707.0;-204700.0;850
201500002379;15;8;22;1230;1;2;1;3;1;234;47 rue du moulin cassé;M;4679965.0;-208255.0;850
201500002399;15;5;31;1815;1;2;6;1;1;51;av cote d'argent;M;4464576.0;-95059.0;330
201500002467;15;11;28;930;1;1;1;1;5;109;;M;4468690.0;-46306.0;330
201500002477;15;3;14;1130;1;1;1;1;1;330;;M;4486202.0;-45868.0;330
201500002485;15;4;9;1530;1;1;2;1;3;337;;M;4455065.0;-31690.0;330
201500002487;15;8;15;2145;5;1;1;1;1;81;;M;4463592.0;-32397.0;330
201500002509;15;6;19;945;1;1;2;1;2;481;Lieu-diit Bardot;M;4464031.0;5065.0;330
201500002526;15;8;12;2030;2;1;1;1;3;275;;M;4470360.0;-16666.0;330
201500002533;15;7;25;1445;1;1;1;1;3;300;Piste n°200;M;4526097.0;-114518.0;330
201500002551;15;7;6;930;1;2;1;1;3;424;R du DR Destouesse;M;4514726.0;-82510.0;330
201500002555;15;7;25;2015;1;2;1;1;3;514;11 R du Cardinal Donnet;M;4551304.0;-112403.0;330
201500002576;15;9;21;1400;1;1;1;1;6;147;Pis Cycl R.LAPEBIE;M;4479012.0;-23332.0;330
201500002578;15;12;14;1815;3;2;1;1;2;185;D121 ROUTE DU STADE;M;4486295.0;-25537.0;330
201500002583;15;5;17;1015;1;1;3;1;1;154;;M;4508959.0;-5292.0;330
201500002603;15;3;5;1200;1;1;1;1;1;13;LA CHIÈZE;M;4513850.0;75609.0;240
201500002635;15;8;21;1730;1;1;1;1;3;242;LA FONT DE SOULE;M;4491380.0;61814.0;240
201500002636;15;9;2;1245;1;1;1;1;1;472;LES MARROUX;M;4480550.0;56474.0;240
201500002643;15;5;14;1115;1;2;1;1;2;194;AVENUE DE LA RÉPUBLIQUE;M;4483663.0;33274.0;240
201500002649;15;12;10;1700;2;1;1;1;2;274;;M;4481110.0;47453.0;240
201500002667;15;11;29;2100;5;2;2;1;3;352;BD FRANÇOIS MITTERAND;M;4524940.0;33539.0;240
201500002677;15;7;30;1715;1;1;1;1;1;159;LONDEIX;M;4512130.0;20800.0;240
201500002685;15;2;22;1730;1;1;1;1;3;375;;M;4472490.0;126798.0;240
201500002733;15;8;21;1515;1;1;1;1;5;123;;M;4382608.0;-109651.0;400
201500002811;15;11;6;945;1;1;1;1;3;286;;M;4365073.0;-52573.0;400
201500002814;15;5;12;1745;1;1;2;1;3;331;;M;4387917.0;-34502.0;400
201500002825;15;2;28;1600;1;1;1;1;1;137;;M;4411240.0;52585.0;470
201500002833;15;10;11;1600;1;1;1;1;7;100;;M;4424900.0;60500.0;470
201500002871;15;7;19;2145;2;1;4;1;1;52;;M;4429920.0;9793.0;470
201500002896;15;4;22;1515;1;2;6;1;3;67;;M;4325264.0;-29566.0;640
201500002904;15;7;17;2345;5;2;1;1;1;448;RUE PRINCIPALE;M;4335249.0;-46964.0;640
201500002906;15;1;10;900;1;2;6;5;2;405;RD 943 RP DROITS HOMME;M;0.0;0.0;640
201500002915;15;9;3;1845;1;2;1;3;3;238;RD 64;M;4326073.0;-6559.0;640
201500002924;15;7;28;800;1;2;1;1;7;191;;M;4316960.0;-21617.0;640
201500002944;15;6;26;1145;1;2;1;1;1;65;CD 918;M;4335441.0;-163093.0;640
201500002947;15;8;5;1700;1;1;1;1;3;495;;M;4336137.0;-158358.0;640
201500002948;15;8;12;1030;1;2;6;1;3;495;RD918 QUARTIER IBARRON;M;0.0;0.0;640
201500002961;15;8;21;1000;1;1;1;1;1;100;;M;4344622.0;-147481.0;640
201500002967;15;11;7;1330;1;1;1;1;1;160;RD 410;M;4336699.0;-142360.0;640
201500002971;15;5;26;645;1;1;1;1;1;559;;M;4323939.0;-87893.0;640
201500002985;15;7;23;915;1;1;1;1;3;362;;M;4336401.0;-107231.0;640
201500002992;15;4;7;1900;1;2;1;1;1;422;RUE LABARRAQUE;M;4318791.0;-60673.0;640
201500003000;15;12;11;1415;1;2;6;1;1;422;ROND POINT DE LA GARE;M;4319442.0;-61177.0;640
201500003002;15;10;26;1445;1;1;1;1;2;127;RD 934;M;4307400.0;-42100.0;640
201500003063;15;10;31;1115;1;2;9;7;1;77;rue du Goberté;M;4644320.0;66287.0;860
201500003092;15;5;29;1700;1;1;3;1;1;78;;M;4570266.0;17469.0;160
201500003156;15;8;15;1100;1;1;1;1;1;7;;M;4617082.0;-89880.0;170
201500003158;15;9;30;845;2;1;1;1;2;91;;M;4630536.0;-107706.0;170
201500003159;15;9;29;915;1;2;1;1;3;218;;M;4631270.0;-99133.0;170
201500003166;15;4;29;1530;1;2;2;1;1;360;cours des écoles;M;4615569.0;-133201.0;170
201500003176;15;6;1;1215;1;2;1;1;3;197;rue de la frémigère;M;4543561.0;-43671.0;170
201500003192;15;5;12;1515;1;2;3;1;3;240;Boulevard de saintonge;M;4528842.0;-40099.0;170
201500003200;15;4;22;1215;1;2;1;1;1;189;rue de Quebec;M;4586661.0;-107035.0;170
201500003217;15;8;9;215;5;1;1;2;2;385;;M;4592429.0;-132416.0;170
201500003219;15;8;15;1845;1;2;2;1;1;337;rue du moulin;M;4596791.0;-129482.0;170
201500003227;15;6;5;1045;1;1;1;1;2;21;;M;4575014.0;-111414.0;170
201500003229;15;7;2;1445;1;1;1;7;5;225;;M;4572733.0;-117528.0;170
201500003233;15;8;20;1815;1;1;1;1;1;225;;M;4569800.0;-119800.0;170
201500003287;15;3;27;930;1;1;1;7;6;141;;M;4569570.0;-47939.0;170
201500003288;15;6;18;1515;1;1;1;1;5;284;;M;4582958.0;-89658.0;170
201500003307;15;8;16;830;1;2;1;1;6;103;;M;4605133.0;-70800.0;170
201500003343;15;4;8;1930;1;1;1;1;1;201;;M;4584170.0;111174.0;870
201500003354;15;6;7;1045;1;2;1;1;3;2;AVENUE LIBÉRATION;;;;870
201500003384;15;1;21;1845;3;1;6;1;3;154;;M;4590400.0;93450.0;870
201500003395;15;12;11;1430;1;1;2;1;3;185;;M;4589600.0;103746.0;870
201500003420;15;7;11;1915;1;1;2;1;1;229;LA NADALIE;M;4513750.0;144844.0;190
201500003439;15;9;6;845;1;2;2;1;3;288;CEYRAT;M;4530290.0;141753.0;190
201500003472;15;5;7;1845;1;1;1;1;1;25;;M;4348700.0;144700.0;310
201500003492;15;5;4;830;1;2;1;1;1;417;AVENUE ST EXUPERY;M;4361286.0;126428.0;310
201500003546;15;7;27;1645;1;2;1;1;5;33;pont de l'ariège;M;0.0;0.0;310
201500003581;15;3;27;1945;2;2;2;1;1;187;rte de Tarbes/ave19 mars;M;4353430.0;122833.0;310
201500003582;15;3;27;1630;1;2;1;1;3;424;rue de gascogne;M;4356670.0;128807.0;310
201500003598;15;12;30;1700;1;1;1;8;1;500;;M;4276872.0;61856.0;310
201500003618;15;9;9;1045;1;1;1;1;6;167;route de cabanac;M;0.0;0.0;310
201500003621;15;10;31;1415;1;1;1;1;5;208;barrahite;M;4306024.0;85397.0;310
201500003626;15;8;18;1630;1;1;2;1;3;566;ch embechou/ch viterbe;M;4342970.0;176838.0;310
201500003631;15;12;22;1515;1;1;1;1;3;495;;M;0.0;0.0;310
201500003637;15;3;18;2015;5;1;1;1;2;451;;M;0.0;0.0;310
201500003659;15;11;8;1100;1;1;1;1;1;238;;M;4309266.0;170017.0;90
201500003662;15;12;16;1730;2;2;1;1;1;312;;M;4310207.0;164284.0;90
201500003665;15;7;18;1430;1;1;3;1;3;61;;M;4312410.0;134469.0;90
201500003677;15;9;13;1015;1;1;1;8;2;282;;M;4323939.0;162228.0;90
201500003689;15;7;21;1045;1;2;1;1;3;57;Route de St Girons;M;4289843.0;131234.0;90
201500003690;15;1;1;15;5;2;3;5;1;168;37, GERBROIS (RUE DE);;;;20
201500003704;15;7;11;1945;1;1;1;1;7;262;RD 650 - ALBAGNAC;M;4423870.0;230473.0;120
201500003725;15;5;13;950;1;2;1;1;7;206;LE BOURG;M;4445060.0;225279.0;120
201500003755;15;6;6;1915;1;1;1;1;2;286;LE VERN;M;4395500.0;285643.0;120
201500003771;15;12;16;1300;1;1;1;7;2;300;SALAMONIQUE;M;4431360.0;202674.0;120
201500003772;15;1;2;1450;1;2;6;7;3;52;R POINT ST JULIEN D'EMPA;M;4456180.0;207487.0;120
201500003849;15;7;16;930;1;1;3;1;6;256;;M;4353380.0;42041.0;320
201500003857;15;1;21;1400;1;1;1;1;2;205;;M;4352890.0;20149.0;320
201500003885;15;6;11;1100;1;1;1;1;1;45;;M;4450107.0;185056.0;460
201500003887;15;3;18;730;1;2;1;1;1;132;Le buzat;M;4474276.0;179161.0;460
201500003896;15;6;27;1230;1;1;1;1;1;251;;M;4485370.0;190591.0;460
201500003903;15;6;25;1100;1;1;2;1;1;316;;M;0.0;0.0;460
201500003907;15;7;12;830;1;1;1;1;1;265;;M;0.0;0.0;460
201500003908;15;9;10;1515;1;2;3;1;3;265;le bourg;M;0.0;0.0;460
201500003911;15;4;19;1745;1;1;1;1;5;401;;M;4317830.0;10238.0;650
201500003912;15;5;17;1430;1;1;8;1;3;2;;M;4315640.0;-2005.0;650
201500003929;15;12;10;1600;1;1;6;1;3;121;;M;4335901.0;6930.0;650
201500003933;15;8;7;1745;1;1;1;1;7;367;;M;4316850.0;21529.0;650
201500003939;15;8;11;1145;1;1;1;1;3;32;;M;4296050.0;-21119.0;650
201500003942;15;7;16;1230;1;1;1;7;7;481;;M;4289720.0;10449.0;650
201500003943;15;8;2;1545;1;1;1;1;1;295;;M;4283340.0;7.0;650
201500003948;15;7;24;1630;1;2;3;1;6;59;39 rue de la république;M;4306650.0;14793.0;650
201500003951;15;8;16;1600;1;1;1;1;2;42;;M;4303730.0;16870.0;650
201500004020;15;10;9;830;1;2;1;7;2;205;avenue marcel mérieux;;;;690
201500004043;15;8;7;1900;1;2;7;1;1;145;PLACE PAUL SAISSAC;M;4385800.0;181100.0;810
201500004067;15;7;9;545;2;1;1;1;2;126;;M;4417000.0;155900.0;820
201500004088;15;1;23;945;1;1;1;8;1;180;;M;0.0;0.0;820
201500004098;15;8;14;1815;2;2;1;2;7;28;500 Route de Fabas;M;4385400.0;129900.0;820
201500004105;15;10;24;1600;1;2;1;1;2;114;chemin des tilleuls;M;0.0;0.0;820
201500004121;15;2;28;1515;1;1;1;1;3;14;;M;4378600.0;112200.0;820
201500004125;15;6;24;1915;1;1;1;1;3;190;;M;4386367.0;124705.0;820
201500004177;15;10;3;1315;1;2;1;3;1;163;route de chasselay;M;0.0;0.0;690
201500004191;15;7;10;700;1;2;6;1;1;288;avenue Jean Moulin;M;4568620.0;505250.0;690
201500004226;15;10;22;900;1;2;1;2;3;21;rue du bois bodet;M;0.0;0.0;690
201500004253;15;5;27;1700;1;2;1;1;6;131;35 avenue des Alpes;;;;690
201500004282;15;5;29;1030;1;1;1;1;1;4;;M;4592060.0;465551.0;690
201500004287;15;1;25;1930;3;1;1;1;1;206;;M;4604900.0;472173.0;690
201500004290;15;3;8;1100;1;1;1;1;3;19;;M;0.0;0.0;690
201500004291;15;5;22;830;1;1;1;1;1;197;;M;0.0;0.0;690
201500004296;15;7;8;1000;1;1;6;1;3;19;;M;0.0;0.0;690
201500004298;15;8;6;1045;1;1;1;1;3;19;;M;0.0;0.0;690
201500004307;15;7;13;900;1;2;1;1;1;50;Le mapas;M;4586660.0;464122.0;690
201500004313;15;12;10;745;2;1;1;8;3;222;;M;0.0;0.0;690
201500004314;15;12;15;1600;1;1;1;1;1;50;;M;4585750.0;465426.0;690
201500004316;15;5;25;1300;1;1;1;1;1;254;;M;0.0;0.0;690
201500004318;15;4;9;1600;1;1;1;1;1;107;;M;0.0;0.0;690
201500004326;15;8;12;1615;1;2;6;1;1;6;D38;M;0.0;0.0;690
201500004363;15;7;30;1345;1;2;9;1;3;304;rue saint exupéry;M;0.0;0.0;10
201500004365;15;8;21;930;1;1;6;1;3;304;;M;0.0;0.0;10
201500004382;15;5;8;1515;1;2;2;2;5;58;CD19;M;0.0;0.0;10
201500004395;15;3;9;745;1;2;3;1;1;4;rue jean mermoz;M;0.0;0.0;10
201500004426;15;9;2;745;1;2;1;5;2;8;lieu dit le galliot;M;0.0;0.0;10
201500004443;15;9;15;1345;1;1;1;1;1;152;;M;0.0;0.0;10
201500004448;15;5;29;1045;1;1;9;1;2;153;;M;0.0;0.0;10
201500004455;15;8;30;1030;1;1;1;1;7;247;;M;0.0;0.0;10
201500004480;15;2;20;1445;1;2;2;1;1;328;route de Villars,;M;4612167.0;502469.0;10
201500004506;15;6;3;900;1;2;1;1;1;249;Carrefour du Four à Chau;M;0.0;0.0;10
201500004511;15;10;17;1630;1;1;1;1;6;249;;M;0.0;0.0;10
201500004517;15;7;1;1945;1;1;1;1;1;333;;M;0.0;0.0;10
201500004529;15;8;28;1400;1;1;1;1;3;389;;M;0.0;0.0;10
201500004547;15;4;9;1630;1;1;1;1;1;278;;M;0.0;0.0;70
201500004569;15;12;19;1745;3;1;1;1;1;181;;M;0.0;0.0;70
201500004609;15;3;31;1415;1;2;1;1;3;35;LE VILLAGE;M;0.0;0.0;260
201500004667;15;12;5;1415;1;2;1;1;3;175;;M;0.0;0.0;380