Num_Acc;an;mois;jour;hrmn;lum;agg;int;atm;col;com;adr;gps;lat;long;dep
201500008932;15;5;24;1225;1;2;4;1;3;23;PUY ST PIERRE (ROUTE DE);M;4489281.0;662867.0;50
201500008942;15;12;29;1725;2;2;1;1;3;23;SAVOIE (AVENUE DE);M;4490843.0;662705.0;50
201500008948;15;5;11;1715;1;2;1;1;3;61;BURE (AVENUE DE );M;4456946.0;608657.0;50
201500008955;15;8;5;1600;1;1;1;1;3;61;RN 85;M;4459491.0;608064.0;50
201500008961;15;10;10;1640;1;2;6;1;3;61;EYSSAGNIERES ( ROUTE DES;M;4454524.0;605344.0;50
201500008972;15;3;9;1700;1;2;6;1;3;61;FRANCOIS MITTERAND (AVEN;M;4454565.0;606315.0;50
201500008987;15;4;12;915;1;2;1;1;3;113;rue du vexin;M;4903500.0;182000.0;780
201500009019;15;11;28;1130;1;2;1;1;3;575;RUE VICTOR HUGO;M;0.0;0.0;780
201500009024;15;10;9;715;5;2;1;1;1;389;30 avenue Léon Creté;M;4879100.0;181300.0;780
201500009029;15;9;2;1515;1;2;1;1;2;62;cote de Neauphle;M;0.0;0.0;780
201500009030;15;11;4;1815;3;1;1;1;3;321;;M;0.0;0.0;780
201500009086;15;6;25;800;2;2;1;1;3;338;rue du vieux pavé;M;0.0;0.0;910
201500009091;15;8;22;1030;1;2;6;1;2;111;intersection D97 / D131;M;0.0;0.0;910
201500009111;15;7;12;1130;1;1;3;1;3;534;RD446 / R CURIE;M;4876100.0;217300.0;910
201500009115;15;5;6;1245;1;1;1;1;6;274;entrée tunnel nord;M;4868000.0;212800.0;910
201500009120;15;9;27;945;1;2;1;1;3;272;route de la Vacheresse;M;0.0;0.0;910
201500009146;15;2;21;515;3;1;1;5;1;2;RD 28;M;4907280.0;196730.0;950
201500009150;15;5;28;1700;1;1;1;1;7;2;R HENRI GUILLAUMET;M;4909230.0;198480.0;950
201500009161;15;12;19;1145;1;2;1;1;2;205;RD316;M;4902520.0;238690.0;950
201500009194;15;9;21;1845;1;1;1;1;1;470;;M;0.0;0.0;770
201500009220;15;4;19;1845;1;1;1;1;5;277;D143;M;4873052.0;289573.0;770
201500009244;15;5;14;1930;1;2;2;1;1;178;D118A X RUE DE L'EGLISE;M;4823190.0;268456.0;770
201500009293;15;6;30;1930;1;1;1;7;1;273;;M;0.0;0.0;770
201500009301;15;10;20;1800;1;1;1;1;7;308;;M;0.0;0.0;770
201500009327;15;1;30;815;2;2;1;8;1;248;13 FG BLAVETIN;M;4804455.0;169802.0;450
201500009398;15;1;20;715;3;1;1;5;2;278;BRIQUEMAULT;M;4780064.0;283657.0;450
201500009418;15;7;2;2045;1;1;1;1;3;119;D 2152 // PISTE CYCLABLE;M;4815512.0;225773.0;450
201500009442;15;10;9;1600;1;1;2;1;6;197;;M;0.0;0.0;180
201500009452;15;4;15;730;2;2;6;7;3;28;route dépertementale 60;M;0.0;0.0;180
201500009469;15;3;12;1345;1;1;1;1;1;6;;M;4845190.0;141736.0;280
201500009480;15;9;4;1830;1;1;2;1;1;6;;M;0.0;0.0;280
201500009531;15;4;26;1000;1;2;1;8;3;88;rue des champdé;M;4806762.0;133502.0;280
201500009542;15;12;23;1745;1;1;1;1;2;205;;M;0.0;0.0;280
201500009606;15;10;4;845;1;1;1;7;2;182;;M;4651800.0;146634.0;360
201500009631;15;12;13;1130;1;1;1;1;2;228;;M;4717350.0;155267.0;360
201500009691;15;2;27;1045;1;1;1;1;2;281;;M;0.0;0.0;370
201500009706;15;4;21;1430;1;2;3;1;3;193;route de Bourgueil;M;0.0;0.0;370
201500009714;15;9;15;1415;1;1;1;8;1;74;CARREFOUR PORT BOULET;M;0.0;0.0;370
201500009721;15;4;5;1045;1;1;1;1;1;200;;M;0.0;0.0;370
201500009766;15;8;3;1730;1;1;2;8;3;97;Inter C215 Pis Cyc 807;M;4509358.0;-105036.0;330
201500009774;15;5;9;1130;1;1;1;1;1;297;Lieu dit  Kerlescouarn;M;4789345.0;-354137.0;290
201500009844;15;3;6;1355;1;2;2;7;3;4;780, GAROUPE BD DE LA;;;;60
201500009847;15;5;19;1045;1;2;1;1;6;155;13, MASSIER AV.ET IMP.CL;M;4356801.0;707167.0;60
201500009850;15;3;19;1030;1;2;6;1;3;4;0, CAP BD DU;;;;60
201500009857;15;5;18;1145;1;2;3;1;3;4;35, SABLES CH.ET ALLEE;M;4334063.0;707034.0;60
201500009862;15;4;8;915;1;2;6;1;6;4;GREC AV.JULES;M;4359687.0;711410.0;60
201500009866;15;6;23;1500;1;2;1;1;6;4;598, TROIS MOULINS RUE D;M;4360314.0;707442.0;60
201500009869;15;6;29;1200;1;2;1;1;6;4;91, KENNEDY BD J.F.;M;4355192.0;712880.0;60
201500009870;15;6;26;1100;1;2;1;1;3;4;RD6098;M;4357188.0;710717.0;60
201500009885;15;7;30;700;1;2;3;1;1;4;272, GAROUPE BD DE LA;M;4355896.0;713546.0;60
201500009888;15;8;8;1325;1;2;1;1;3;4;346, NICE(RN.7) AV.ET RT;M;4360314.0;712276.0;60
201500009903;15;9;11;850;1;2;1;1;6;4;796, GAROUPE BD DE LA;M;4355508.0;713339.0;60
201500009970;15;6;27;1730;1;2;1;1;3;123;GARE ROUTE DE LA;;;;60
201500009989;15;7;11;1935;1;2;1;1;3;123;667, DE GAULLE GENERAL A;;;;60
201500009990;15;2;22;1045;1;2;1;1;3;123;BORD DE MER RN 98;;;;60
201500010025;15;8;24;930;1;2;1;1;2;27;20, NICE AVENUE DE (RN7);;;;60
201500010037;15;9;19;2210;5;2;1;1;3;27;FUSAINS RUE DES;;;;60
201500010041;15;9;28;1615;1;2;1;1;6;27;VERNE RUE JULES;;;;60
201500010067;15;11;7;1200;1;2;1;1;4;27;78, NICE AVENUE DE (RN7);;;;60
201500010108;15;3;27;905;1;1;1;1;3;29;RIVAGE (BOULEVARD DU);;;;60
201500010138;15;5;21;1535;1;2;1;1;6;29;JUIN (AVENUE MARECHAL);;;;60
201500010144;15;5;30;1857;1;2;1;1;6;29;CEDRE (AVENUE DU);;;;60
201500010145;15;6;1;1245;1;2;1;1;3;29;42, JUIN (AVENUE MARECHA;;;;60
201500010173;15;7;11;1952;1;2;1;1;7;29;5, FIESOLE (AVENUE);;;;60
201500010178;15;7;16;2355;5;2;1;1;3;29;MIDI (BOULEVARD DU);;;;60
201500010189;15;7;29;950;1;2;1;1;6;29;MIDI (BOULEVARD DU);;;;60
201500010217;15;9;20;835;1;2;1;1;3;29;MIDI (BOULEVARD DU);;;;60
201500010218;15;9;22;1055;1;2;1;1;6;29;00, LEADER (BOULEVARD);;;;60
201500010275;15;4;8;1209;1;1;1;1;7;69;76, DE LATTRE DE TASSIGN;M;4364851.0;692954.0;60
201500010369;15;7;29;830;1;2;1;1;7;69;X, LIBERATION (AVENUE DE;M;4364914.0;691745.0;60
201500010475;15;12;30;805;2;2;1;1;6;83;12, IBANEZ (AVENUE BLASC;M;4378560.0;750770.0;60
201500010521;15;1;3;1145;1;2;3;1;6;104;47 BIS, SCHUMANN (PROMEN;M;4376212.0;748472.0;60
201500010532;15;3;7;1050;1;2;1;1;7;104;39, DOUMER (AVENUE PAUL);;;;60
201500010577;15;1;10;1215;1;2;1;1;2;88;417, PESSICART (A PARTIR;M;4372870.0;723759.0;60
201500010605;15;3;29;1300;1;2;1;1;3;159;1, LIBERATION (CARREFOUR;;;;60
201500010629;15;4;4;1315;1;2;2;1;3;88;1, BORRIGLIONE (JUSQU'AU;M;4371309.0;726175.0;60
201500010636;15;2;1;1155;1;2;2;1;3;88;14, PRINCE-DE-GALLES (BD;;;;60
201500010647;15;2;4;1915;5;2;2;3;3;88;FLANDRES-DUNKERQUE (TRAV;;;;60
201500010728;15;5;5;1710;1;2;1;1;7;88;64, MATISSE (AV. HENRI);;;;60
201500010733;15;2;24;1820;3;2;2;1;3;88;0, DUBOUCHAGE (BD);;;;60
201500010737;15;2;25;1100;1;2;1;1;3;88;8, PHOCEENS (AV. DES);;;;60
201500010742;15;5;9;1050;1;2;8;1;6;88;06, VERANY (BD J.B.);;;;60
201500010761;15;3;5;1710;1;2;1;1;3;88;8, FAURE (AV. FELIX);;;;60
201500010889;15;6;26;910;1;2;1;1;2;88;CORNIGLION MOLINIER (BD);;;;60
201500010921;15;7;10;140;5;2;1;1;3;88;198, ANGLAIS (DU N° 114;M;4368652.0;723793.0;60
201500010951;15;7;25;1500;1;2;2;1;3;88;30, ALBERTI (RUE);M;4370093.0;727107.0;60
201500011034;15;9;7;1130;1;2;6;1;3;88;1, VEROLA (AV. AUGUSTE);M;4371085.0;719457.0;60
201500011069;15;9;26;1530;1;2;9;1;3;88;ARMEE DES ALPES (BD DE L;;;;60
201500011073;15;9;28;2140;5;2;1;1;3;88;0, CORNIGLION MOLINIER (;M;4366542.0;721044.0;60
201500011077;15;10;1;1015;1;2;1;1;6;88;28, MALAUSSENA (AV.);M;4370898.0;726282.0;60
201500011106;15;10;22;1930;5;2;1;1;3;88;1, ANGLAIS (DU N° 1 AU N;;;;60
201500011114;15;10;30;825;1;2;1;1;3;88;18, REINE-VICTORIA (AV.);;;;60
201500011122;15;11;1;1330;1;2;1;1;6;88;55, GAMBETTA (JUSQU'AU N;;;;60
201500011157;15;11;20;1525;1;2;7;1;3;88;FRANKLIN (PL.);;;;60
201500011167;15;11;27;1520;1;2;2;1;3;88;0, DURANTE (AV.);M;4370227.0;726252.0;60
201500011173;15;11;30;1910;5;2;1;1;3;88;31, EUGENIE (BD IMPERATR;M;4369331.0;723055.0;60
201500011185;15;12;6;1350;1;2;1;1;3;88;2, MAHONIAS (R. DES);;;;60
201500011193;15;12;9;1150;1;2;3;1;1;88;53, GAMBETTA (JUSQU'AU N;;;;60
201500011194;15;12;9;2116;5;2;1;1;5;88;95, CALIFORNIE (AV.) (DU;;;;60
201500011216;15;12;21;1430;1;2;1;1;3;88;17, ASSALIT (RUE);;;;60
201500011240;15;8;12;1100;1;1;1;1;1;209;;M;4477000.0;302800.0;150
201500011278;15;2;9;1620;1;1;1;7;3;19;51, LAZUEL ( ROUTE DE );;;;70
201500011290;15;7;14;1945;1;2;4;1;3;281;TASSIGNY (RUE DE LATTRE;;;;70
201500011293;15;9;27;957;1;1;1;1;7;281;C.D. 533 (VERS LE PUY);M;4493340.0;481961.0;70
201500011300;15;12;15;955;1;2;1;1;1;281;GROSS-UMSTADT (AVENUE DE;M;4494100.0;486264.0;70
201500011327;15;11;7;1550;1;2;1;1;6;186;1, PASTE (BLD. DE);M;4472740.0;459744.0;70
201500011398;15;4;9;1200;1;2;1;1;1;119;La balasserie;;;;690
201500011409;15;5;28;1900;1;2;7;9;6;243;RUE PRINCIPALE;M;0.0;0.0;370
201500011425;15;6;20;1000;1;2;1;1;2;432;RUE GERARD DE NERVAL.;M;4910949.0;260040.0;600
201500011439;15;1;27;630;5;2;1;9;7;340;PLACE DE LA MAIRIE;M;4828633.0;278742.0;770
201500011615;15;6;23;845;1;2;3;1;3;51;RUE CHARLES DE GAULLE;M;4618475.0;-139203.0;170
201500011616;15;7;31;1715;1;1;1;1;5;51;;M;4616525.0;-135465.0;170
201500011617;15;8;6;1830;1;1;6;1;3;121;;M;4619607.0;-143168.0;170
201500011618;15;12;9;1100;1;2;1;1;6;121;rue du corps de garde;M;4619375.0;-142844.0;170
201500011682;15;1;14;1030;1;1;1;3;3;156;ROUTE DE CONNEUIL;M;0.0;0.0;370
201500011717;15;5;8;1100;1;1;1;1;3;114;;M;0.0;0.0;130
201500011718;15;5;24;1745;1;1;1;1;1;32;;M;0.0;0.0;130
201500011719;15;6;5;1830;1;2;1;1;3;114;;M;0.0;0.0;130
201500011720;15;6;30;1545;1;1;1;1;1;32;***;M;0.0;0.0;130
201500011754;15;3;12;1550;1;2;9;1;4;346;WARNECOURT ROUTE;M;4975000.0;469262.0;80
201500011766;15;8;19;1255;1;2;1;1;6;105;SANS, PAQUIS RUE;M;4978249.0;472366.0;80
201500011800;15;6;2;1445;1;2;1;1;3;9;RD306 PK 28+800;M;0.0;0.0;690
201500011810;15;11;15;1930;3;1;1;1;6;190;;M;4833705.0;-475181.0;290
201500011857;15;6;2;845;1;1;1;1;2;446;;M;4352600.0;145900.0;310
201500011861;15;1;16;700;3;1;2;1;1;4;LES REYBIAS;M;4498660.0;504470.0;260
201500011864;15;2;11;1500;1;1;1;1;1;271;LES HAUTS SAVIAUX;M;0.0;0.0;260
201500011868;15;4;1;1630;1;2;3;1;3;347;AV PREDIDENT ROOSEVELT;M;0.0;0.0;260
201500011877;15;6;2;845;1;1;1;1;2;4;CHAUX OUEST;M;0.0;0.0;260
201500011885;15;7;6;1000;1;1;1;1;1;71;RIVOIRES;M;0.0;0.0;260
201500011947;15;8;23;1115;1;2;2;1;1;486;Av de Claix/r de la lune;M;4514733.0;567770.0;380
201500011950;15;10;6;830;1;2;4;8;2;485;avenue de Belledonne;M;4516824.0;567870.0;380
201500011953;15;6;28;1400;1;1;1;1;1;285;;M;0.0;0.0;380
201500011954;15;7;18;1300;1;1;1;1;6;375;;M;4495290.0;618322.0;380
201500012001;15;7;10;1345;1;1;1;1;7;55;;M;4285605.0;109203.0;90
201500012002;15;8;20;1400;1;2;3;1;6;219;route d'Augstrou;M;4293586.0;94237.0;90
201500012055;15;7;9;1045;1;1;1;1;3;177;;M;4832766.0;-104526.0;530
201500012066;15;5;29;915;1;2;1;1;3;140;D.734 -Rte Treuil;M;4591007.0;-126453.0;170
201500012074;15;12;22;1430;1;1;1;1;2;3;;M;;;420
201500012083;15;7;2;1130;1;1;1;1;2;30;***;M;0.0;0.0;130
201500012132;15;1;18;1345;1;2;1;1;2;81;ROUTE DE CHAMONIX;M;0.0;0.0;740
201500012139;15;5;27;1730;1;2;1;1;3;264;RUE DE LA CROIX;M;0.0;0.0;740
201500012155;15;10;20;2115;5;2;1;1;3;485;rue jean jaures;M;0.0;0.0;590
201500012182;15;5;23;1215;1;1;1;1;1;253;;M;0.0;0.0;380
201500012183;15;7;17;1715;1;2;1;1;1;253;Avenue de la Muzelle;M;0.0;0.0;380
201500012269;15;8;5;845;1;1;1;1;2;348;;M;4215149.0;875506.0;201
201500012278;15;5;27;1945;1;1;3;1;1;126;Int ch des batteries;M;4523320.0;575110.0;380
201500012280;15;7;10;1315;1;1;1;1;1;249;;M;4522992.0;582352.0;380
201500012285;15;10;14;730;1;1;1;1;1;249;;M;0.0;0.0;380
201500012335;15;6;10;1300;1;1;6;1;3;139;;M;4163825.0;933585.0;201
201500012362;15;9;27;2215;3;1;1;1;3;256;;M;4549227.0;415954.0;420
201500012372;15;6;7;1130;1;1;1;1;5;649;RD 26;M;4855000.0;235600.0;910
201500012387;15;1;4;845;1;1;1;8;7;152;;M;0.0;0.0;60
201500012401;15;8;20;1230;1;1;1;1;1;152;;M;0.0;0.0;60
201500012405;15;10;23;1500;1;2;1;7;3;18;14 Chemin Neuf - RD 4;M;0.0;0.0;60
201500012412;15;3;19;1045;1;2;1;1;2;244;13 CONSTELLATION;M;4575300.0;480500.0;690
201500012420;15;11;30;645;5;2;1;1;1;244;Avenue Victor HUGO;M;0.0;0.0;690
201500012427;15;7;12;800;1;2;1;1;1;448;rue du village CD 37;M;0.0;0.0;380
201500012431;15;7;21;1930;1;2;1;1;2;299;ROUTE D'ANNECY;M;0.0;0.0;740
201500012439;15;10;20;1730;2;1;1;1;2;153;;M;4373290.0;382144.0;340
201500012457;15;6;1;1630;1;2;1;1;1;152;10 Allée de la Fontaine;M;0.0;0.0;780
201500012460;15;9;5;1230;1;1;1;1;1;233;;M;0.0;0.0;780
201500012471;15;9;17;1630;1;1;1;2;7;678;R DE FREPILLON;M;4906130.0;221870.0;950
201500012541;15;7;29;1545;1;1;6;1;3;51;;M;0.0;0.0;130
201500012542;15;8;2;1000;1;2;1;7;1;8;RD 68;M;0.0;0.0;130
201500012595;15;10;12;725;1;2;6;1;3;343;rue de la Coopérative;M;4816190.0;452823.0;100
201500012601;15;7;17;807;1;2;6;1;3;387;VOULDY (CHAUSSEE DU);M;4828900.0;409000.0;100
201500012604;15;8;27;2202;3;2;1;8;1;387;04, LIEUTENANT PIERRE MU;M;4830360.0;406069.0;100
201500012610;15;9;19;1821;1;2;3;1;2;387;THENARD (RUE);M;4827369.0;408416.0;100
201500012615;15;11;10;1727;2;2;3;1;3;297;GEORGES CLEMENCEAU (RUE);M;4831786.0;409285.0;100
201500012636;15;3;24;927;1;2;6;2;3;387;CARNOT (RUE);M;4829503.0;406737.0;100
201500012645;15;2;2;1200;1;1;1;8;1;343;;M;0.0;0.0;670
201500012646;15;7;6;800;1;2;1;1;1;471;7 rue du Chemin de Fer;M;0.0;0.0;670
201500012648;15;8;29;115;5;2;9;1;1;471;ROUTE DE BISCHWILLER;M;0.0;0.0;670
201500012656;15;6;4;1015;1;1;3;1;3;148;;M;0.0;0.0;60
201500012680;15;8;14;1100;1;2;1;1;1;80;22 DES ANCIENS COMBATTAN;M;4366356.0;543852.0;130
201500012699;15;6;27;2330;4;2;1;1;6;352;;M;4806768.0;-162131.0;350
201500012700;15;9;5;930;1;2;6;1;1;352;avenue de la chalotais;M;4804492.0;-160470.0;350
201500012707;15;2;1;629;3;2;1;1;2;69;MAGINOT ANDRE -AVENUE-;M;4321525.0;237439.0;110
201500012730;15;6;24;736;1;1;6;1;3;69;MADELEINE -CHEMIN DE LA;M;4322231.0;239143.0;110
201500012739;15;6;17;2130;2;1;1;1;3;69;BERRIAC -ROUTE DE-;M;4320940.0;238286.0;110
201500012747;15;7;21;1348;1;2;1;1;6;69;LAURIERS -DES-;M;4322188.0;235906.0;110
201500012765;15;10;6;1645;1;2;1;1;3;69;RIVOLI  -BD ET IMPASSE-;M;4322577.0;234881.0;110
201500012792;15;5;12;445;3;1;1;1;2;295;A5;M;0.0;0.0;770
201500012820;15;6;11;1355;1;2;1;1;6;262;5, MIRABEAU (COURS);M;4318750.0;300756.0;110
201500012826;15;7;9;655;1;2;1;1;6;262;SERMET (AVENUE ELIE);M;4318668.0;301257.0;110
201500012830;15;7;19;1500;1;1;1;1;1;262;RD 6009 NARBONNE - PERPI;M;4320097.0;301777.0;110
201500012850;15;9;27;1045;1;2;6;1;6;262;BALISTE (BOULEVARD DE);M;4319190.0;302819.0;110
201500012866;15;11;3;1620;1;2;6;1;1;262;RD 6009 NARBONNE - PERPI;M;4320059.0;301244.0;110
201500012869;15;11;18;1310;1;2;3;1;1;262;55, 1848 (BOULEVARD);M;4319085.0;301717.0;110
201500012873;15;12;11;2100;5;2;1;1;2;262;ESPAGNE (AVENUE D');M;4317357.0;299201.0;110
201500012898;15;7;8;1930;1;1;1;1;2;169;;M;4375738.0;434029.0;300
201500012919;15;6;7;900;1;1;1;1;6;536;;M;4942580.0;27478.0;140
201500012922;15;10;25;1545;1;1;1;1;2;489;RTE INDUSTRIELLE;M;4947825.0;26673.0;760
201500012967;15;2;23;1455;1;2;6;1;3;145;CUREPLAT (ROND POINT);M;4410180.0;308575.0;120
201500012975;15;11;30;1555;1;2;4;1;1;145;CALES (AVENUE DE);M;4408880.0;306029.0;120
201500012983;15;3;5;1645;1;1;2;1;3;176;D901(ROUTE DE CONQUE);M;4440580.0;255757.0;120
201500012986;15;5;20;900;1;1;1;8;6;202;MOYRAZES (ROUTE DE);M;4435170.0;255620.0;120
201500013057;15;6;24;1200;1;1;1;1;2;1;GALICE (RTE);;;;130
201500013062;15;7;6;615;1;1;1;1;1;1;RD9;;;;130
201500013072;15;7;31;1730;1;1;1;1;3;1;1, R.N 7;;;;130
201500013108;15;11;5;945;1;2;1;1;6;1;CARNOT (BD);M;4352733.0;545544.0;130
201500013114;15;11;26;1930;5;2;6;1;2;1;GIONO JEAN (AV);M;4351421.0;543895.0;130
201500013118;15;12;29;1630;1;2;2;1;3;1;MONNET JEAN (AV);M;4353205.0;542083.0;130
201500013164;15;8;10;1110;1;2;1;1;6;4;BD DES LICES;;;;130
201500013170;15;10;12;930;1;2;2;8;3;4;35 CH DE L'ESTIVAGE;M;4366140.0;464107.0;130
201500013188;15;4;5;1040;1;2;9;1;3;70;1, GARE (BOULEVARD DE LA;M;4335714.0;536707.0;130
201500013249;15;7;11;820;1;2;1;1;1;70;139, VOLTAIRE (BOULEVARD;M;4328142.0;551617.0;130
201500013269;15;8;14;1100;1;2;2;1;3;70;1, GARE (BOULEVARD DE LA;M;4328193.0;551504.0;130
201500013280;15;9;12;915;1;1;2;1;3;5;RN 396 (ROUTE NATIONALE);M;4330876.0;560799.0;130
201500013311;15;11;5;800;1;2;6;1;3;5;0, CEINTURE DE CAMPS MAJ;M;4329643.0;558345.0;130
201500013329;15;12;7;745;1;1;1;1;1;5;301, LONGUELANCE (CHEMIN;M;4330974.0;557489.0;130
201500013357;15;3;5;1045;1;2;1;1;7;5;0, RD 559 A (ROUTE DE LA;;;;130
201500013379;15;1;31;1230;1;2;9;1;2;28;DELACOUR (AVENUE EMILE);;;;130
201500013417;15;6;4;1525;1;2;3;1;3;28;PETIT ROUMAGOUA (CHEMIN;M;4319947.0;560621.0;130
201500013467;15;10;2;940;1;2;1;2;6;28;170 Avenue du Caporal Ch;M;4319039.0;560405.0;130
201500013474;15;10;23;1745;1;2;1;1;5;28;FONTSAINTE (AVENUE DE);M;4319071.0;563929.0;130
201500013490;15;11;21;1200;1;2;1;1;1;28;WILSON (AVENUE PRESIDENT;M;4317883.0;561113.0;130
201500013496;15;12;7;1750;5;2;6;1;3;28;Rond Point DULAC/ROVARCH;M;4319244.0;560948.0;130
201500013558;15;11;26;1214;1;1;1;1;1;102;ROMETTES (PARC D'ACTIVIT;;;;130
201500013560;15;12;6;1630;1;2;6;2;3;102;HUIT MAI 45  AVENUE DU;M;4341862.0;522951.0;130
201500013576;15;12;3;1345;1;2;1;1;7;55;22, LONGCHAMP (BOULEVARD;M;4330110.0;538779.0;130
201500013582;15;12;31;1130;1;2;1;1;6;55;41, TURCAT MERY ALLE (A;M;4328088.0;538884.0;130
201500013631;15;1;6;1050;1;2;2;1;3;55;00, CV DE LA MILLIERE A;;;;130
201500013633;15;1;5;1630;1;2;1;1;1;55;25, PRO DU GRAND LARGE;M;4324130.0;536341.0;130
201500013675;15;3;31;1330;1;2;7;1;3;55;1, SCHLOESING (BOULEVARD;M;4327655.0;539941.0;130
201500013728;15;4;5;2007;2;2;1;1;6;55;00, PICON (RUE);M;4333147.0;539126.0;130
201500013776;15;4;11;1335;1;2;1;1;6;55;MICHELET (BOULEVARD);;;;130
201500013777;15;4;11;1530;1;2;1;1;3;55;00., MICHELET (BOULEVARD;;;;130
201500013805;15;4;12;1945;1;2;1;1;3;55;320, PRADO (AVENUE);M;4327210.0;539032.0;130
201500013807;15;4;13;2245;5;2;1;1;2;55;44, JULES CANTINI (AVENU;M;4328369.0;538784.0;130
201500013964;15;1;18;915;1;2;1;1;6;55;35, CHE DE SAINT JOSEPH;M;4334254.0;538619.0;130
201500013990;15;4;23;1730;1;2;1;1;6;55;SIGNORET (TRAVERSE);;;;130
201500013993;15;4;28;1515;1;2;1;1;3;55;14, SAINT JUST (AVENUE D;M;4331294.0;540196.0;130
201500014037;15;2;3;1306;1;2;1;2;6;55;22, AVE DU PRADO;M;4328436.0;538458.0;130
201500014103;15;5;8;2015;5;2;1;1;1;55;15, RIVE NEUVE (QUAI DE);M;4329321.0;537063.0;130
201500014130;15;5;11;758;1;2;1;1;2;55;274, LITTORAL (CHEMIN DU;M;4334055.0;534863.0;130
201500014137;15;10;20;1330;1;2;1;1;3;55;34, LIBERATION (BOULEVAR;M;4329980.0;538755.0;130
201500014192;15;2;7;1240;1;2;1;1;6;55;67, AVE DES PEINTRES ROU;M;4330769.0;546801.0;130
201500014215;15;5;20;915;1;2;5;1;1;55;1, AUGUSTIN AUBERT (RUE);M;4326675.0;540286.0;130
201500014265;15;5;25;1515;1;2;1;1;3;55;148, MENDES FRANCE (AVEN;M;4325684.0;537646.0;130
201500014270;15;2;18;1010;1;2;1;1;2;55;RTE LEON LACHAMP;;;;130
201500014279;15;5;27;1125;1;2;1;1;2;55;16, AIX (RUE D');M;4329972.0;537595.0;130
201500014291;15;2;26;1715;1;2;1;1;6;55;98, AVE DU PRADO;M;4328161.0;538581.0;130
201500014347;15;5;31;1520;1;2;1;1;3;55;212, NATIONAL (BOULEVARD;M;4330985.0;537950.0;130
201500014407;15;6;7;940;1;1;1;1;3;75;TERMES (ALLEE DES);M;4333825.0;545560.0;130
201500014415;15;3;21;40;5;1;1;1;1;55;78, JULES MOULET (RUE);M;4328575.0;537360.0;130
201500014422;15;6;8;1215;1;2;1;1;3;55;41, BRETEUIL (RUE);M;4329067.0;537567.0;130
201500014464;15;6;9;2055;2;2;2;1;1;55;183, ROME (RUE DE);M;4328774.0;538266.0;130
201500014524;15;5;30;1630;1;2;1;1;3;55;94, GIRARDIN (RUE);M;4328954.0;535757.0;130
201500014533;15;6;19;1600;1;2;1;1;2;55;LUMINY (AVENUE DE);M;0.0;0.0;130
201500014577;15;6;22;1740;1;2;1;1;2;55;10, RUE MATHILDE;M;4333408.0;536138.0;130
201500014769;15;7;17;30;5;2;1;1;1;55;35, CROIX ROUGE (AVENUE);M;4333104.0;543177.0;130
201500014771;15;7;17;845;1;2;1;1;5;55;17, CAMILLE PELLETAN (AV;M;4330316.0;537400.0;130
201500014888;15;8;5;545;2;2;6;1;6;55;FLORIAN ( ROND POINT);M;4328568.0;542509.0;130
201500014926;15;8;11;1125;1;2;1;1;7;106;17, NELSON MANDELA (AVEN;M;4340973.0;536890.0;130
201500015040;15;9;3;1805;1;2;1;1;3;55;110, SAINT PIERRE (RUE);M;4329195.0;539358.0;130
201500015065;15;8;19;2000;2;1;1;1;4;55;00, LÉON LACHAMP (ROUTE);M;4324632.0;543268.0;130
201500015074;15;9;10;1050;1;1;1;1;2;2;1419, ETIENNE CUCCA-CD90;M;4336320.0;549563.0;130
201500015083;15;9;11;1915;1;2;1;1;7;55;01, ALEX DELABRE (BOULEV;M;4321969.0;534536.0;130
201500015087;15;9;3;1430;1;2;1;1;2;55;59, SAINT JUST (AVENUE D;M;4331500.0;540300.0;130
201500015141;15;9;19;1730;1;2;1;1;6;55;02, DESAIX (RUE);M;4330863.0;537443.0;130
201500015183;15;8;27;1145;1;2;1;1;6;55;141, CORNICHE KENNEDY;M;4328668.0;535164.0;130
201500015228;15;10;1;920;1;2;1;1;3;55;60, RAYMOND TEISSERE (RU;M;4327077.0;540051.0;130
201500015235;15;10;2;755;1;2;6;2;3;55;127, WILLIAM BOOTH (AVEN;M;4329531.0;544542.0;130
201500015343;15;10;16;1315;1;2;1;1;1;55;19, JURAMY (RUE);M;4329870.0;540029.0;130
201500015404;15;10;29;20;5;2;1;1;7;55;171, COMMANDANT ROLLAND;M;4326698.0;537591.0;130
201500015466;15;11;6;2000;5;2;6;1;3;55;1, LOUIS BONNEFON (PLACE;M;4325428.0;538173.0;130
201500015472;15;11;7;1345;1;2;1;1;3;55;30, BARRAL (BOULEVARD);M;4326473.0;539350.0;130
201500015530;15;11;18;1915;5;2;3;1;3;55;03, MICHELET (BOULEVARD;M;4326827.0;539367.0;130