Num_Acc;an;mois;jour;hrmn;lum;agg;int;atm;col;com;adr;gps;lat;long;dep
201500015677;15;12;10;1410;1;2;1;1;3;55;00, ALAIN SAVARY (ROND-P;M;4324605.0;539443.0;130
201500015849;15;11;6;950;1;1;1;1;2;26;PAGNOL (bld Marcel);M;0.0;0.0;130
201500015863;15;6;14;1250;1;2;6;1;3;39;POMPIDOU GEORGES (avenue;M;4346502.0;494106.0;130
201500015909;15;4;8;1810;1;1;1;1;3;32;CLAPAS DE CORNUT CHEMIN;;;;300
201500015911;15;3;30;1650;1;1;1;1;3;32;D 90;M;4380711.0;460993.0;300
201500015951;15;6;2;800;1;1;1;1;6;32;FARCIENNES AVENUE DE;M;4381295.0;462754.0;300
201500015952;15;3;12;1915;2;1;1;1;6;108;1, D33 ROUTE DE FONTVEIL;M;4376738.0;469376.0;130
201500015960;15;6;12;930;1;1;2;1;3;32;saint gilles route de D3;M;4380785.0;462700.0;300
201500015967;15;6;23;1045;1;1;1;1;3;32;GENERAL DE GAULLE QUAI;M;4380590.0;464263.0;300
201500015969;15;6;25;850;1;1;6;1;3;108;RD 99 ROUTE DE SAINT REM;M;4379505.0;469603.0;130
201500015988;15;8;16;1306;1;2;6;1;3;32;FOURQUES ROUTE DE;M;4379250.0;463039.0;300
201500015997;15;9;4;1700;1;1;2;1;3;32;FOUSSAT CHEMIN DE;M;4379766.0;461924.0;300
201500016000;15;9;10;845;1;1;1;1;3;32;JEAN MOULIN ( RUE );M;4380951.0;463812.0;300
201500016004;15;10;1;945;1;2;1;1;2;32;47, FARCIENNES AVENUE DE;M;4381146.0;463345.0;300
201500016023;15;3;23;1740;1;2;3;1;7;117;CD 9 ESTROUBLANS;M;4342771.0;525678.0;130
201500016044;15;2;2;1630;1;1;1;1;2;71;ROUTE NATIONALE 113 - MO;;;;130
201500016058;15;4;18;1000;1;1;3;1;3;19;ROUTE D'APT;M;4345240.0;535880.0;130
201500016062;15;4;22;1100;1;2;2;1;3;117;X, SEIGLES ( ALLEE DES );M;4342260.0;528144.0;130
201500016157;15;8;20;1000;1;2;3;1;3;117;KAOLIN ( RUE DU );M;4342255.0;527146.0;130
201500016229;15;11;15;1135;1;1;6;1;3;19;D9;M;4347846.0;535608.0;130
201500016239;15;12;1;1235;1;2;6;1;1;117;CLINIQUE;M;4342711.0;527131.0;130
201500016302;15;7;10;1730;1;2;1;1;3;146;route nationale;M;4788300.0;13200.0;720
201500016314;15;4;15;800;1;2;6;1;1;320;BOULEVARD DE MAULE;M;4806500.0;15700.0;720
201500016351;15;6;8;415;2;2;1;1;1;375;MOINEAU RUE;M;4780074.0;727708.0;680
201500016366;15;7;24;930;1;1;1;1;1;83;PV,SENS DAMBAC-NEUHOFFEN;M;0.0;0.0;670
201500016378;15;3;25;1330;1;2;3;7;1;118;0, POILUS D'ORIENT (RUE;M;4918420.0;-38495.0;140
201500016395;15;5;12;1930;1;1;6;7;3;587;0, CD N°  220 (ST GERMAI;M;4919980.0;-41312.0;140
201500016402;15;5;23;1040;1;2;1;1;6;118;164, CAPONIERE (RUE >= 1;M;4917800.0;-38052.0;140
201500016405;15;6;2;1700;1;2;1;1;6;167;5, LIBERTE (AVENUE DE LA;M;4920370.0;-29690.0;140
201500016410;15;7;3;2200;2;1;1;1;2;167;COLOMBELLES (ROUTE DE);M;4918980.0;-31243.0;140
201500016431;15;7;17;1110;1;2;2;1;3;118;JUIN (BOULEVARD MARECHAL;M;4919680.0;-39677.0;140
201500016442;15;10;26;1356;1;2;1;1;2;437;0, RD N° 613;M;4916430.0;-30632.0;140
201500016487;15;6;4;1930;1;2;3;1;1;118;;M;4840363.0;568538.0;880
201500016489;15;7;19;1100;1;2;3;1;3;328;D22;M;4981610.0;474325.0;80
201500016546;15;5;12;1545;1;2;1;1;3;333;BUQUET (CHEMIN DU);M;4940060.0;24072.0;140
201500016598;15;4;22;1530;1;2;2;1;3;79;CARREFOUR  RD 81/RD 40;;;;370
201500016600;15;10;3;1730;1;2;1;1;7;156;AV GABRIELLE D ESTREE;;;;370
201500016626;15;5;28;1625;1;2;1;1;6;366;30, ROGER AINI (RUE);M;4914360.0;24773.0;140
201500016663;15;9;18;800;1;2;6;1;3;11;RUE LES ECOLES;;;;370
201500016666;15;10;19;915;1;2;1;1;3;196;AU NIVEAU DU LAC;;;;370
201500016692;15;8;7;900;1;1;1;1;3;138;;M;4571220.0;147786.0;870
201500016706;15;7;8;1845;1;1;3;1;3;102;;M;4624372.0;204461.0;230
201500016722;15;12;23;1130;1;1;4;1;3;457;;M;4876883.0;96037.0;270
201500016828;15;6;6;1530;1;1;2;7;1;62;;M;4727440.0;451625.0;210
201500016833;15;4;22;2030;2;2;1;1;6;154;rond point francis carco;M;0.0;0.0;210
201500016837;15;7;26;1200;1;1;1;1;3;584;;M;0.0;0.0;210
201500016864;15;7;21;1215;1;1;1;1;1;50;;M;0.0;0.0;70
201500016874;15;2;16;1000;1;1;3;1;1;79;;M;4498300.0;453300.0;70
201500016881;15;4;12;1815;1;2;3;7;3;263;Agglomeration de Rouffia;M;4552019.0;9478.0;160
201500016884;15;11;4;1600;1;1;1;7;6;143;le Bois du Maine Roux;M;4553475.0;17771.0;160
201500016930;15;6;19;1745;1;1;1;1;7;207;;M;4641320.0;162860.0;360
201500016958;15;4;24;2030;1;1;1;1;2;345;;M;4841900.0;452100.0;100
201500016985;15;9;9;1730;1;1;1;1;6;61;PEYREDEYRE;M;4509310.0;390637.0;430
201500016989;15;10;26;1300;1;1;3;1;3;21;"LIEU-DIT ""LES ROUZEYROUX";M;4511070.0;394128.0;430
201500016993;15;12;27;1515;1;1;1;1;2;187;X;M;4515530.0;382448.0;430
201500017021;15;8;20;1100;1;2;1;1;3;197;72 avenue de Gaulle;M;4673100.0;249500.0;180
201500017032;15;4;23;1245;1;2;3;1;1;268;Route de Bruère;M;4680274.0;245543.0;180
201500017039;15;7;31;930;1;1;3;1;3;108;;M;0.0;0.0;180
201500017070;15;4;14;1000;1;2;2;1;3;121;rd 1090;M;4562640.0;632011.0;730
201500017072;15;1;10;1915;5;2;6;1;3;248;Rond point de l aluminiu;M;4527568.0;635577.0;730
201500017095;15;7;14;1845;1;2;1;1;3;29;RD 919;M;4311871.0;-73330.0;640
201500017099;15;8;20;1945;2;1;1;1;1;393;;M;4331895.0;-58229.0;640
201500017110;15;12;2;1615;2;1;1;7;5;193;;M;4775031.0;199369.0;450
201500017131;15;6;15;2230;1;2;1;1;6;29;rue du merisier noir;M;4936500.0;199193.0;600
201500017148;15;7;30;1845;1;2;1;1;6;108;Rue principale;M;4964747.0;192265.0;600
201500017163;15;8;21;515;5;2;1;1;6;581;37 rue de paris;M;4950508.0;243491.0;600
201500017171;15;5;24;1815;1;2;6;1;6;151;avenue Léo Delibes;M;4944136.0;286756.0;600
201500017173;15;6;5;1745;1;1;1;1;3;537;;M;4950090.0;293785.0;600
201500017192;15;7;21;1945;1;2;6;1;3;471;Rond Point d'Hexam;M;4957454.0;298972.0;600
201500017204;15;5;13;1730;1;1;6;1;3;284;;M;4938616.0;265648.0;600
201500017227;15;6;3;1200;1;1;1;1;1;2;;M;0.0;0.0;830
201500017273;15;4;13;1500;1;1;1;5;3;509;;M;4940510.0;-119385.0;500
201500017293;15;9;24;1645;1;1;1;1;3;71;;M;4442164.0;598807.0;50
201500017301;15;8;19;1615;1;1;9;1;6;72;;M;4464792.0;608638.0;50
201500017321;15;8;24;1530;1;1;2;1;3;138;;M;4923100.0;-100196.0;140
201500017349;15;9;8;1745;1;2;2;1;3;20;;M;4912370.0;-17143.0;140
201500017354;15;10;28;920;1;2;1;1;3;307;;M;4902180.0;-47981.0;140
201500017395;15;6;25;1245;1;1;1;1;7;125;;M;0.0;0.0;60
201500017443;15;3;6;1700;1;2;1;1;6;715;06, ENSEIGNE MILLOT (RUE;M;4935710.0;9163.0;140
201500017458;15;5;18;610;2;2;1;1;7;715;136, HAUTPOUL (BOULEVARD;M;4936460.0;8388.0;140
201500017464;15;7;7;800;1;2;1;1;1;699;7, CLOS BATTEUX (RUE DU);M;4935000.0;10003.0;140
201500017492;15;11;3;1030;1;2;3;1;6;220;TOUQUES (QUAI DE LA);;;;140
201500017516;15;5;2;1100;1;2;7;2;1;62;place gudin;M;0.0;0.0;580
201500017572;15;12;6;1230;1;2;3;1;3;235;496 route de saint nizie;M;0.0;0.0;10
201500017582;15;2;19;1330;1;1;3;7;3;138;;M;0.0;0.0;10
201500017595;15;5;14;1715;1;1;1;1;3;192;;M;0.0;0.0;10
201500017602;15;9;18;1000;1;1;6;1;2;333;;M;0.0;0.0;10
201500017615;15;9;1;1615;1;1;1;1;3;261;;M;4523300.0;236200.0;150
201500017626;15;6;18;1100;1;1;1;1;1;195;;M;4627800.0;264600.0;30
201500017627;15;8;1;1630;1;1;1;1;3;55;;M;0.0;0.0;30
201500017628;15;3;1;1200;1;2;1;2;6;297;rue Ferdinand Delmotte;M;0.0;0.0;30
201500017633;15;6;20;1515;1;1;1;1;1;273;;M;0.0;0.0;30
201500017650;15;10;26;1500;1;1;1;1;1;79;;M;0.0;0.0;840
201500017667;15;4;16;1845;1;1;2;1;3;583;;M;4946709.0;365498.0;20
201500017669;15;6;6;1500;1;1;1;1;2;114;;M;4904782.0;342734.0;20
201500017689;15;4;22;1615;1;2;3;1;3;810;rue DEMOUSTIER;M;4925015.0;308662.0;20
201500017692;15;7;24;1700;1;1;3;1;3;810;;M;0.0;0.0;20
201500017695;15;11;15;1130;1;2;2;1;5;172;D172-173;M;0.0;0.0;20
201500017698;15;5;4;1245;1;1;3;1;3;608;;M;0.0;0.0;20
201500017718;15;9;28;1545;1;2;2;1;3;297;traversée chassin;M;4569238.0;540967.0;380
201500017725;15;4;30;1230;1;2;2;1;3;249;RD1090/Rue Jayet;M;4523846.0;581701.0;380
201500017731;15;7;31;1530;1;1;1;1;1;504;Les Vincents;M;4532171.0;601853.0;380
201500017732;15;12;3;1715;2;1;1;9;7;181;enversins sollieres;M;4533754.0;600047.0;380
201500017733;15;12;3;945;1;2;6;1;3;314;RD 523;M;4542583.0;601638.0;380
201500017739;15;1;5;1645;1;1;2;1;3;33;;M;4518223.0;540717.0;380
201500017774;15;6;17;915;1;2;1;7;3;95;route de st divy;M;4847175.0;-436802.0;290
201500017802;15;9;17;800;2;1;1;8;3;341;;M;4843491.0;-147549.0;350
201500017809;15;6;4;615;1;1;4;1;3;299;;M;4863337.0;-195009.0;350
201500017810;15;6;16;1000;1;2;1;1;1;132;rue du bord de mer;M;4860811.0;-181184.0;350
201500017816;15;9;24;2100;3;1;1;1;2;299;;M;4863608.0;-192518.0;350
201500017850;15;4;11;1145;1;1;1;8;3;545;;M;4703500.0;613600.0;250
201500017891;15;3;5;1330;1;1;1;1;3;232;Bel-Air;M;4862243.0;-283739.0;220
201500017925;15;10;3;1615;1;1;3;1;3;258;;M;4841544.0;-262560.0;220
201500017940;15;3;5;1645;1;1;1;1;7;269;kerigomar;M;4867244.0;-322538.0;220
201500017952;15;4;20;1900;1;1;1;1;3;351;tachen ar croaz;M;4829460.0;-351992.0;220
201500017963;15;6;9;1515;1;1;1;1;2;387;le run;M;4864918.0;-344636.0;220
201500017964;15;8;1;1900;1;2;3;1;3;226;rue de la lieue de greve;M;4867951.0;-352623.0;220
201500017973;15;9;19;1145;1;1;1;1;3;199;LE PLANDRY;M;4879506.0;-313914.0;220
201500017986;15;6;13;1045;1;2;4;1;1;94;rue de delle;M;4754967.0;744033.0;680
201500018003;15;6;22;945;1;1;1;1;5;300;;M;4339667.0;332834.0;340
201500018030;15;7;10;707;1;1;1;7;6;12;CONROS (LIEU-DIT);M;4488190.0;243005.0;150
201500018040;15;9;16;1330;1;2;9;1;3;113;avenue de béziers;M;4349972.0;371433.0;340
201500018052;15;4;9;1445;1;2;1;1;4;292;rue de la Caillèle;M;0.0;0.0;860
201500018057;15;5;12;1100;1;1;1;1;2;281;;M;0.0;0.0;860
201500018083;15;11;7;1130;1;1;2;2;1;189;Prat Bihan;M;4837072.0;-440658.0;290
201500018090;15;10;28;1715;1;1;6;1;3;185;;M;4734596.0;172898.0;410
201500018093;15;4;4;1445;1;1;1;8;3;211;;M;4732000.0;112600.0;410
201500018094;15;5;10;915;1;1;1;1;3;45;;M;4744900.0;117500.0;410
201500018097;15;8;3;1600;1;2;1;1;3;80;route de Loches;M;4732831.0;118595.0;410
201500018129;15;5;22;1615;1;1;1;1;3;53;;M;4800000.0;92800.0;410
201500018142;15;9;5;1745;1;2;3;1;1;249;INTESECTION D930-D213;M;4424690.0;38994.0;470
201500018193;15;3;20;1530;1;1;1;1;2;301;BOIS DE FUMAT;M;4442820.0;203810.0;120
201500018199;15;7;23;1100;1;1;1;1;2;42;Champ ferré;M;4746501.0;-40124.0;490
201500018206;15;5;10;1030;1;1;1;1;1;83;L'Aupairé;M;4731205.0;-94084.0;490
201500018208;15;6;25;2300;3;1;1;1;2;373;RD960;M;4713783.0;-57457.0;490
201500018237;15;8;25;930;1;1;2;1;3;496;;M;4874907.0;2227.0;610
201500018247;15;10;9;1030;1;1;3;1;3;63;;M;4869002.0;-38125.0;610
201500018261;15;4;21;930;1;2;1;7;2;255;route du TREPORT;M;5004917.0;140625.0;760
201500018264;15;8;15;1500;1;2;1;1;3;207;Place René Delorière;M;4995991.0;139951.0;760
201500018285;15;12;20;1015;1;2;1;8;7;3;RUE DU 19 MARS 1962;M;4555037.0;374453.0;630
201500018313;15;9;5;2015;2;2;9;1;3;338;HLM LES CHAPELLES BAT I;M;4616274.0;284077.0;630
201500018314;15;11;3;930;1;2;6;1;2;338;ROND POINT SUD;M;0.0;0.0;630
201500018345;15;4;22;1630;1;1;1;1;2;384;;M;4791419.0;334741.0;890
201500018359;15;3;27;830;1;2;1;1;1;14;route de Saulieu;M;4696616.0;429405.0;710
201500018413;15;4;22;830;1;2;9;1;6;88;rue Berthelot;;;;690
201500018451;15;7;11;1200;1;1;2;1;1;193;;M;4541622.0;-112944.0;330
201500018469;15;7;15;1900;1;1;1;1;2;362;;M;4295900.0;-7849.0;650
201500018479;15;7;14;745;1;1;1;1;2;148;;M;0.0;0.0;820
201500018482;15;5;27;1015;1;2;1;1;1;17;Rue Georges Brassens;M;4388330.0;125392.0;820
201500018508;15;4;27;1430;1;1;1;1;3;225;Rue du Bois;M;4983613.0;216196.0;800
201500018535;15;8;16;2135;1;2;1;1;6;282;Rte de Pont Rémy;M;5005225.0;188493.0;800
201500018538;15;9;25;1715;1;2;1;1;1;171;RUE VERTE;M;5013136.0;188712.0;800
201500018548;15;5;31;815;1;2;2;2;1;190;firmin et nicolas get;M;5005662.0;165152.0;800
201500018562;15;11;9;1700;2;1;1;7;2;368;;M;5009578.0;156841.0;800
201500018577;15;8;23;1045;1;1;1;2;1;228;RTE de RUE;M;5022212.0;163269.0;800
201500018581;15;9;8;1630;1;1;1;1;1;600;;M;5016584.0;172524.0;800
201500018609;15;7;6;1130;1;2;1;1;3;293;RD329 / RD135;M;4966875.0;260202.0;800
201500018642;15;4;14;1500;1;1;3;1;1;186;;M;4980393.0;281145.0;800
201500018647;15;10;24;645;3;1;1;1;3;781;;M;4984281.0;269470.0;800
201500018663;15;6;17;1730;1;2;1;1;7;587;80 rue de Paris;M;4933482.0;260427.0;600
201500018704;15;4;16;1620;1;2;2;1;3;3;LD PIED BLANC;M;4627070.0;-44704.0;790
201500018727;15;6;30;1030;1;1;1;1;1;246;"LD ""FAYE""";M;4639407.0;-14813.0;790
201500018741;15;2;8;1215;1;1;2;6;3;244;;M;4702879.0;-14917.0;790
201500018777;15;8;19;1200;1;2;6;1;3;377;route de neufchatel;M;4949798.0;115177.0;760
201500018780;15;7;10;830;1;2;2;7;3;136;;M;4981449.0;95068.0;760
201500018794;15;8;5;1630;1;1;1;1;3;527;;M;4980152.0;165717.0;760
201500018802;15;9;19;1530;1;2;2;1;1;542;rue de l'espoir;M;4973005.0;74461.0;760
201500018836;15;9;29;1730;1;2;6;1;1;11;Martyrs de la résistance;M;0.0;0.0;740
201500018842;15;4;20;1715;1;1;1;1;2;311;ROUTE DU FER A CHEVAL;M;0.0;0.0;740
201500018844;15;7;9;915;1;2;2;1;3;164;271 AVENUE DU VIEUX PONT;M;0.0;0.0;740
201500018850;15;6;13;1400;1;2;6;1;3;183;RUE DE LA FRUITIERE;M;0.0;0.0;740
201500018866;15;12;9;1815;3;1;1;1;2;178;;M;0.0;0.0;740
201500018875;15;4;20;1015;1;2;3;1;3;371;grande rue;M;4724500.0;587000.0;250
201500018883;15;11;8;1845;3;1;1;1;2;542;;M;0.0;0.0;250
201500018905;15;3;9;830;1;2;6;1;6;258;rue des resistants;M;0.0;0.0;560
201500018906;15;7;25;15;3;1;1;1;2;168;;M;4759103.0;-313250.0;560
201500018907;15;7;25;1700;1;1;1;1;3;186;;M;4748042.0;-311720.0;560
201500018911;15;9;5;1530;1;2;1;1;3;186;Rue du BUTOIR;M;4748499.0;-311842.0;560
201500018913;15;8;31;915;1;2;6;8;3;177;Rond point Saint Michel;M;4777910.0;-300750.0;560
201500018919;15;5;24;1700;1;1;2;1;3;78;;M;0.0;0.0;560
201500018944;15;11;4;1045;1;1;1;1;2;133;;M;4781022.0;-234037.0;560
201500018955;15;6;18;1700;1;2;1;1;1;222;64 RUE JOSEPH LE BAYON;M;4784344.0;-273515.0;560
201500018982;15;2;3;1030;1;2;6;7;3;101;Rond point de rimpar;M;0.0;0.0;560
201500018983;15;2;23;845;1;2;6;2;3;94;Rond-Point de Kernours;M;0.0;0.0;560
201500018993;15;9;15;2045;3;1;1;8;2;464;;M;0.0;0.0;590
201500019005;15;10;9;1715;1;2;1;1;1;380;D23;M;4887394.0;354216.0;510
201500019014;15;8;25;1045;1;2;1;8;1;566;RD215;M;5067378.0;186253.0;620
201500019035;15;2;24;1330;1;1;6;1;2;538;RD 306;M;0.0;0.0;910
201500019053;15;3;8;1215;1;1;1;1;3;31;GN 49.095 6.282;M;0.0;0.0;570
201500019055;15;7;21;1645;1;1;1;7;1;610;GN 49.36 6.46;M;0.0;0.0;570
201500019069;15;4;10;1730;1;2;1;1;3;96;rue des Ecoles;M;0.0;0.0;570
201500019136;15;12;18;730;2;2;4;1;3;70;rue du léman;M;0.0;0.0;740
201500019140;15;2;10;1615;1;2;1;1;7;217;route de vendargues;M;4369102.0;387989.0;340
201500019149;15;5;16;1700;1;2;2;1;3;374;;M;4564158.0;18678.0;160
201500019158;15;5;9;2350;5;2;3;1;1;15;2 PLACE DU Cnt RESNIER;M;4565180.0;15481.0;160
201500019167;15;7;10;1915;1;2;6;1;2;271;IMPASSE DE LA PRAIRIE;M;4562755.0;15763.0;160
201500019187;15;8;10;1550;1;2;6;1;3;15;RUE DE LIMOGES;M;4565279.0;14675.0;160
201500019194;15;1;17;1000;1;2;1;1;7;15;Bd du 8 mai 1945;M;4565876.0;17097.0;160
201500019197;15;1;30;800;5;2;1;1;6;15;Bd Henri Thebault;M;4565788.0;14149.0;160
201500019198;15;2;11;1010;1;2;1;1;6;15;RUE DES BOSQUETS;M;4565347.0;12705.0;160
201500019205;15;2;6;1505;1;2;1;1;6;15;Bd HENRI THEBAUD;M;4565820.0;14190.0;160
201500019207;15;2;27;2300;5;2;1;1;6;15;RUE DE BORDEAUX;M;4563792.0;12947.0;160
201500019216;15;9;8;1704;1;2;1;1;6;102;80 RUE DE L ECHASSIER;M;4569177.0;-30726.0;160
201500019219;15;10;9;1000;1;2;1;1;2;102;40 Bd Oscar Planat;M;4568871.0;-33661.0;160
201500019225;15;7;9;815;1;1;1;1;1;133;;M;4565010.0;476882.0;690
201500019234;15;1;9;745;5;2;1;1;7;299;., RESISTANCE BOULEVARD;M;4593134.0;-96560.0;170
201500019239;15;4;24;1055;1;2;2;1;3;299;ONZE NOVEMBRE 1918 AVENU;M;4592558.0;-96008.0;170
201500019253;15;6;4;1805;1;2;2;1;3;299;., DEMY AVENUE JACQUES;M;4591724.0;-96073.0;170
201500019261;15;7;28;915;1;2;6;1;3;299;Rond-point VAUBAN;M;4593052.0;-96052.0;170
201500019267;15;8;20;1040;1;2;6;1;3;299;., MAISON CAMPAGNE ROND;M;4595205.0;-95267.0;170
201500019274;15;10;1;1205;1;2;2;1;3;299;., LA FAYETTE RUE;M;4593464.0;95967.0;170
201500019319;15;4;8;1820;1;2;1;1;6;300;20, PALAIS   RUE DU;M;4615900.0;-115386.0;170
201500019330;15;4;22;1300;1;2;1;1;3;300;CLEMENCEAU   AVENUE GEOR;M;4616362.0;-118197.0;170
201500019332;15;4;24;1545;1;2;1;1;2;300;12, BARBAROUX   RUE;M;4615238.0;-111972.0;170
201500019338;15;5;3;2035;2;2;1;1;3;300;17, MULHOUSE  AVENUE DE;M;4615473.0;-114562.0;170
201500019346;15;5;28;340;5;2;1;1;6;300;19, MAUBEC   QUAI;M;4615891.0;-114977.0;170
201500019349;15;5;30;2035;1;2;6;1;3;300;1, BERNIER   AVENUE DU L;M;4617306.0;-116115.0;170
201500019354;15;6;4;1645;1;2;1;1;3;300;2, JUSTICES   RUE DU MOU;M;4617140.0;-112327.0;170
201500019355;15;6;7;1300;1;2;1;1;7;300;18, MAIL   ALLEE DU;M;4615605.0;-116392.0;170
201500019367;15;6;23;1710;1;2;2;1;3;300;3, NORMANDIN   RUE EMILE;M;4615212.0;-114809.0;170
201500019368;15;6;26;1720;1;2;1;1;3;300;106, CHAMP DE MARS   AVE;M;4616906.0;-114702.0;170
201500019374;15;7;9;1453;1;2;1;1;1;300;00, BARBUSSE   RUE HENRI;M;4615557.0;-113700.0;170
201500019376;15;7;10;1540;1;2;1;1;6;300;73, COGNEHORS   BOULEVAR;M;4617149.0;-113945.0;170
201500019392;15;7;30;1240;1;2;1;1;6;300;RAMBAUD   RUE;M;4616314.0;-115246.0;170
201500019397;15;8;5;735;1;2;2;1;3;300;9, DENFERT-ROCHEREAU   A;M;4616506.0;-119381.0;170
201500019398;15;8;10;805;1;2;1;1;3;300;42, CIMETIERE   AVENUE D;M;4616290.0;-113485.0;170
201500019400;15;8;10;1700;1;2;1;1;3;300;17, MADELEINE   RUE DE L;M;4614900.0;-114541.0;170
201500019407;15;8;20;1525;1;2;1;1;3;300;156, CREPEAU   AVENUE MI;M;4615379.0;-115355.0;170
201500019415;15;9;2;810;1;2;2;1;3;300;51, NORMANDIN   RUE EMIL;M;4615043.0;-114617.0;170
201500019417;15;9;3;940;1;2;2;1;2;300;D 106;M;4618221.0;-120145.0;170
201500019424;15;9;7;1750;1;2;1;1;3;300;1, BEAUREGARD   RUE DE;M;4616766.0;-113980.0;170
201500019425;15;9;7;1825;1;2;2;1;1;300;1, BRIQUETERIE   RUE DE;M;4616271.0;-116149.0;170
201500019426;15;9;8;1550;1;2;1;1;7;300;2, QUATORZE JUILLET   AV;M;4615319.0;-113047.0;170
201500019427;15;9;8;1830;1;2;1;1;6;300;49, PALAIS   RUE DU;M;4615877.0;-115391.0;170
201500019429;15;9;9;900;1;2;6;1;3;300;01, MONNET   AVENUE JEAN;M;4614610.0;-115283.0;170
201500019430;15;9;10;1400;1;2;1;1;3;300;15, FOLLETIER  RUE FRANÇ;M;4614231.0;-115292.0;170
201500019442;15;9;18;2120;4;2;1;1;6;300;111, COLIGNY   AVENUE;M;4616175.0;-116539.0;170
201500019453;15;9;30;2115;5;2;4;1;1;300;05, SCHWEITZER   RUE DU;M;4615851.0;-114567.0;170
201500019454;15;10;8;850;1;2;3;1;3;300;10, HOTEL DE VILLE   RUE;M;4615923.0;-115178.0;170
201500019455;15;10;8;1645;1;1;1;1;3;300;06, DANTON   AVENUE;M;4615556.0;-111882.0;170
201500019460;15;10;12;730;2;2;2;1;3;300;06, REPUBLIQUE   BOULEVA;M;4613842.0;-115137.0;170
201500019461;15;10;13;1442;1;2;6;1;3;300;01, CHAMP DE MARS   AVEN;M;4616957.0;-115115.0;170
201500019467;15;10;17;1245;1;2;2;1;3;300;01, LOMBARD   AVENUE MOD;M;4617491.0;-119707.0;170
201500019474;15;11;2;1609;1;1;1;1;7;300;1, FETILLY   PLACE DE;M;4617332.0;-115627.0;170
201500019477;15;11;8;1740;2;1;1;1;3;300;2, REPENTIE   AVENUE DE;M;4610326.0;-113191.0;170
201500019485;15;11;20;800;2;2;1;1;6;300;12, DUMONT   RUE DU GENE;M;4600000.0;-100000.0;170
201500019505;15;12;11;845;2;2;1;1;1;300;24, GRANDES VARENNES   A;M;4616827.0;-117763.0;170
201500019509;15;12;14;1430;1;2;1;1;2;300;2, JUSTICES   RUE DU MOU;M;4617151.0;-112330.0;170
201500019510;15;12;16;1530;1;2;1;1;6;300;31, VALIN   QUAI;M;4615680.0;-114976.0;170
201500019525;15;1;8;1500;1;2;1;1;6;306;EXPRESS (VOIE);M;4563978.0;-103004.0;170
201500019533;15;1;23;1715;1;2;1;1;6;306;44, LECLERC MARECHAL (AV;M;4562444.0;-101891.0;170
201500019537;15;5;9;1840;1;2;1;1;6;380;., COLOMBES (DES);M;4564338.0;-102621.0;170
201500019545;15;5;15;1020;1;2;1;1;6;306;04, BRIAND  ARISTIDE  (B;M;4562496.0;-102939.0;170
201500019549;15;5;20;1800;1;2;6;1;2;461;., COURLAY (AVENUE DE);M;4564974.0;-106820.0;170
201500019562;15;6;30;752;1;1;2;1;1;380;BERNEZAC (AVENUE DE);M;4565042.0;-106966.0;170
201500019569;15;7;13;1732;1;2;1;1;3;306;107, REGAZZONI (AVENUE C;M;4563650.0;-103788.0;170
201500019571;15;7;15;1215;1;2;2;1;3;333;13, PLAGE (AVENUE DE LA);M;4559579.0;-98902.0;170
201500019573;15;7;20;1215;1;2;1;1;6;306;BOUCHET LOUIS (AVENUE);M;4562522.0;-100106.0;170
201500019575;15;7;24;2155;2;2;3;1;3;306;23, PONTAILLAC (DE) (AVE;M;4562086.0;-103658.0;170
201500019581;15;8;1;2020;2;2;1;1;1;306;30, GARNIER (BD FREDERIC;M;4562116.0;-101926.0;170
201500019582;15;8;4;2034;2;2;1;1;6;380;., SOURCE (AVENUE DE LA);M;4565082.0;-107033.0;170
201500019593;15;8;28;1220;1;2;2;1;6;306;ECLUSE (DE L');M;4562531.0;-102600.0;170
201500019597;15;9;29;1524;1;2;1;1;2;306;61, PONTAILLAC (DE) (AVE;M;4562188.0;-103910.0;170
201500019599;15;10;13;1325;1;2;6;1;6;306;., HEDDE (AVENUE DANIEL);M;4563617.0;-102853.0;170
201500019625;15;3;4;914;1;2;1;1;6;415;1, LECLERC COURS DU MARE;M;4574872.0;-64420.0;170