Num_Acc;an;mois;jour;hrmn;lum;agg;int;atm;col;com;adr;gps;lat;long;dep
201500024293;15;12;21;1700;2;2;1;1;3;161;Avenue des maurettes;M;0.0;0.0;60
201500024326;15;7;9;1925;1;1;1;1;2;3;RD612;M;4330481.0;345245.0;340
201500024330;15;10;1;1805;1;2;2;1;3;3;BALMIGERE (RUE PAUL);M;4331260.0;348205.0;340
201500024332;15;11;13;1415;1;2;7;1;3;3;SETE ( ROUTE);M;4330646.0;349309.0;340
201500024352;15;5;6;730;1;2;3;1;6;32;30, CORNEILHAN (ROUTE DE;M;4335270.0;321608.0;340
201500024355;15;5;9;1310;1;1;1;1;7;32;13, PARADISIERS (RUE DES;M;4334778.0;321000.0;340
201500024397;15;1;10;1950;5;2;1;1;6;172;RAVAZ  AVENUE DU PROFESS;M;4362190.0;384649.0;340
201500024405;15;4;8;2100;5;2;1;1;2;172;VIEUSSENS (BOULEVARD;M;4360000.0;387669.0;340
201500024427;15;4;20;1555;1;2;1;1;3;172;SANS ERNEST HEMINGWAY (;M;4363670.0;383154.0;340
201500024437;15;5;11;830;1;1;2;1;3;198;D172;M;4357699.0;393303.0;340
201500024441;15;2;24;805;1;2;1;1;7;172;0, STRASBOURG (BOULEVARD;M;4360360.0;388915.0;340
201500024443;15;2;24;905;1;2;1;1;5;172;6, ORIENT (BOULEVARD D');M;4360300.0;388728.0;340
201500024444;15;5;14;935;1;2;3;1;3;172;1, CANTON (RUE);M;4361760.0;388172.0;340
201500024469;15;5;28;820;1;2;1;1;3;172;1577, EINSTEIN (AVENUE A;M;4361080.0;391609.0;340
201500024475;15;3;13;1650;1;2;6;1;7;172;40, MENDE (ROUTE DE);M;4362290.0;387250.0;340
201500024476;15;6;1;850;1;2;1;1;3;172;2220, SOULAS  AVENUE DU;M;4362850.0;384579.0;340
201500024478;15;6;2;910;1;2;2;1;6;172;SANS, CASTELLE (RUE DE L;M;4358140.0;386921.0;340
201500024479;15;6;2;1815;1;2;1;1;3;172;BATAILLON (PLACE EUGENE);M;4363250.0;386031.0;340
201500024505;15;7;1;1850;1;2;1;1;6;172;SANS, ROC DE PEZENAS (RU;M;4360290.0;385519.0;340
201500024509;15;7;6;2030;2;2;9;1;1;172;NIMES (AVENUE DE);M;4362350.0;389227.0;340
201500024514;15;7;9;2015;1;2;9;1;3;172;37, FIGAIRASSE (RUE DE L;M;4360510.0;385492.0;340
201500024519;15;7;10;2000;1;2;4;1;7;172;0, JEU DE MAIL DES ABBES;M;4362190.0;388298.0;340
201500024539;15;8;11;2145;5;2;1;1;1;172;LIBERTE (AVENUE DE LA;M;4360870.0;384649.0;340
201500024551;15;8;25;1035;1;2;3;1;3;172;5, PELLICIER (RUE GUILLA;M;4360850.0;386700.0;340
201500024568;15;9;25;835;1;2;2;1;3;172;MUSCADET (RUE DU);M;4362730.0;384736.0;340
201500024573;15;9;30;930;1;2;1;1;1;172;467, ROQUETURIERE (RUE D;M;4363010.0;388575.0;340
201500024591;15;10;17;1900;5;2;1;1;3;172;9 BIS, FLAHAULT (AVENUE;M;4361990.0;386533.0;340
201500024596;15;10;23;1900;5;2;1;1;6;172;3, PAGEZY (RUE);M;4360470.0;387901.0;340
201500024634;15;11;30;1825;2;2;1;1;3;172;2220, SOULAS (AVENUE DU;M;4362850.0;384581.0;340
201500024646;15;12;9;1435;1;2;1;1;6;172;SANS, SAINT LOUIS (RUE);M;4361140.0;386654.0;340
201500024709;15;6;10;1445;1;2;1;1;6;115;0, FORET (RUE DE LA);M;4835952.0;-119234.0;350
201500024723;15;2;17;829;1;2;3;1;6;238;00, GRIMAULT (BD LEON);M;4809136.0;-165503.0;350
201500024736;15;1;12;1300;1;2;1;8;3;238;22, AVENUE MAGINOT;M;4810980.0;-166928.0;350
201500024743;15;1;17;1325;1;2;2;1;3;238;POULLAIN DUPARC/NEMOURS;M;4810860.0;-168015.0;350
201500024746;15;1;26;1005;1;2;1;1;3;238;119, SAINT-HELIER;M;4810359.0;-166251.0;350
201500024747;15;1;19;1005;1;2;2;1;3;238;ST H?LIER/L.ARMAND;M;4810350.0;-166268.0;350
201500024761;15;1;30;845;3;2;6;2;3;238;00, AVENUE DES PREALES;M;4811152.0;-162513.0;350
201500024784;15;4;8;1415;1;2;1;1;7;238;07, MOTTE (CONTOUR DE LA;M;4811331.0;-167522.0;350
201500024791;15;2;12;145;3;1;1;1;6;281;00, TEMPLE DU CERISIER;M;4807618.0;-174492.0;350
201500024793;15;2;12;1410;1;2;1;1;3;238;47, BD  LA T.D'AUVERGNE;M;4810410.0;-168435.0;350
201500024801;15;4;13;1600;1;2;1;1;3;55;33, BOURGOGNE (AVENUE DE;M;4809004.0;-161404.0;350
201500024802;15;2;14;410;5;2;1;2;6;238;25 B RUE DE LA MONNAIE;M;4811040.0;-168462.0;350
201500024808;15;4;19;1215;1;2;6;1;3;238;MONTS D'ARREE (AVENUE DE;M;4813665.0;-166689.0;350
201500024812;15;2;17;829;1;2;3;1;3;238;BOURGET/GRIMAULT;M;4809130.0;-165504.0;350
201500024823;15;4;29;745;1;2;6;1;6;238;00, FORCES FRANCAISES DE;M;4808966.0;-168225.0;350
201500024828;15;2;22;1230;1;2;3;1;3;238;BULGARIE/PAYS BAS;M;4808471.0;-166072.0;350
201500024838;15;2;27;1215;1;2;1;1;3;238;8, BD DE METZ;M;4811497.0;-165734.0;350
201500024852;15;5;19;1830;1;1;6;1;1;51;ALLIES (BOULEVARD DES);M;4812326.0;-162088.0;350
201500024864;15;3;14;1910;5;2;1;8;3;238;18, RUE D'ISLY;M;4810570.0;-167765.0;350
201500024867;15;6;7;1940;1;2;2;1;3;238;CHATEAUGIRON (DE);M;4809518.0;-163768.0;350
201500024870;15;3;18;1740;1;2;2;1;3;238;ALBERT 1ER/BELGIQUE;M;4808970.0;-168563.0;350
201500024872;15;6;12;815;1;2;1;1;5;51;316, FOUGERES (ROUTE DE);M;4813230.0;-163446.0;350
201500024878;15;6;10;1550;1;1;1;1;3;238;MITTERAND (MAIL FRANCOIS;M;4810908.0;-169070.0;350
201500024885;15;3;26;1830;1;2;6;1;3;238;E.NIEMEN/VALLÈS;M;4810540.0;-170846.0;350
201500024889;15;6;16;1550;1;2;1;1;1;238;00, FOSSE PITEUX (LIEU-D;M;4810621.0;-171600.0;350
201500024891;15;6;17;1830;1;2;2;1;3;238;00, ANTRAIN (D') DE 0 A;M;4811822.0;-167633.0;350
201500024895;15;6;19;1400;1;2;2;1;2;238;00, DUGUAY TROUIN (QUAI);M;4811016.0;-168407.0;350
201500024896;15;3;31;1055;1;2;2;1;3;238;C.BERNARD/A.DUVAL;M;4810350.0;-169401.0;350
201500024899;15;6;23;1600;1;2;1;1;7;238;22, TOUR D'AUVERGNE (BD;M;4810605.0;-168444.0;350
201500024903;15;6;25;1720;1;2;3;1;3;238;00, BRETAGNE (PONT DE);M;4811008.0;-168623.0;350
201500024909;15;6;29;2010;1;2;1;1;6;238;13, SAINT-HELIER;M;4810733.0;-167169.0;350
201500024916;15;7;3;1805;1;2;2;1;2;238;00, JANVIER (AVENUE JEAN;M;4810938.0;-167393.0;350
201500024917;15;6;5;1825;1;2;6;1;3;51;00, FOUGERES (ROUTE DE);;;;350
201500024918;15;7;5;1830;1;2;2;1;3;238;CHATEAUGIRON (DE);M;4809514.0;-163785.0;350
201500024926;15;7;9;1345;1;2;6;1;2;55;00, PARC (RUE DU);M;4808807.0;-160834.0;350
201500024932;15;7;11;1120;1;2;2;1;3;238;00, LIBERTE (BD DE LA);M;4810746.0;-168028.0;350
201500024941;15;5;4;1455;1;2;2;2;3;238;TOULLIER/JANVIER;M;4810940.0;-167393.0;350
201500024943;15;5;4;1920;1;2;1;2;6;238;199, RUE DE FOUGÈRES;M;4812310.0;-166029.0;350
201500024949;15;5;7;905;1;2;1;1;3;238;56, BD VILLEBOIS MAREUIL;M;4810540.0;-165057.0;350
201500024951;15;7;28;1630;1;2;2;1;3;238;00, PRE BOTTE (DU);M;4810935.0;-167784.0;350
201500024955;15;7;28;1910;1;2;6;1;3;238;00, VALLES (JULES);M;4810531.0;-170810.0;350
201500024960;15;7;31;1230;1;2;1;1;1;238;48, VANEAU;M;4811172.0;-169306.0;350
201500024965;15;5;14;1540;1;2;2;1;3;238;VANEAU/MITTERRAND;M;4810850.0;-169298.0;350
201500024972;15;5;19;1330;1;2;4;1;3;238;BAHON RAULT/GROS MALHON;M;4812990.0;-168422.0;350
201500024987;15;8;20;1450;1;1;6;1;1;238;LANGEVIN (PAUL);M;4809337.0;-165837.0;350
201500025000;15;9;4;815;1;2;3;1;3;238;00, BOIS LABBE (AVENUE D;M;4813101.0;-170388.0;350
201500025003;15;9;7;1300;1;2;1;1;3;238;71, BRIAND (AVENUE ARIST;M;4811009.0;-166371.0;350
201500025006;15;8;24;810;1;2;1;1;5;238;, GUILLAUDOT ( DU GENERA;M;4811478.0;-167443.0;350
201500025017;15;9;21;830;1;2;2;1;3;238;155, SAINT-MALO (RUE DE);M;4812263.0;-168422.0;350
201500025027;15;9;29;1730;1;2;5;1;3;238;35, ROOSEVELT (BD FRANKL;M;4809730.0;-165777.0;350
201500025036;15;10;8;750;5;2;3;1;3;238;00, ALMA (DE L');M;4810387.0;-167701.0;350
201500025040;15;10;9;805;1;2;6;1;2;238;00, CANADA (AVENUE DU);M;4808942.0;-168243.0;350
201500025074;15;11;2;1230;1;2;6;1;3;278;00, ROBIQUETTE ( BOULEVA;M;4813414.0;-169424.0;350
201500025079;15;11;4;830;5;2;2;1;3;238;00, POMPIDOU ( BD GEORGE;M;4810175.0;-168447.0;350
201500025080;15;11;4;1045;1;2;3;1;3;238;00, YSER (BD DE L');M;4809096.0;-168034.0;350
201500025081;15;11;5;1250;1;2;3;1;3;238;00, SAINTE FOIX (ROUTE);M;4810106.0;-172001.0;350
201500025090;15;11;11;2015;3;2;3;1;3;238;8, ISLY (RUE D');M;4810518.0;-167756.0;350
201500025091;15;11;13;818;1;2;6;1;3;278;00, SAINT EXUPERY (RUE A;M;4815941.0;-167732.0;350
201500025097;15;11;18;1720;1;2;7;1;3;238;00, BRETAGNE (PLACE DE);M;4810936.0;-168471.0;350
201500025098;15;11;12;1740;5;2;2;1;3;238;00, CHATEAUDUN (DE);M;4811027.0;-166562.0;350
201500025100;15;11;16;1838;5;2;1;2;3;238;BREST (DE);M;4811337.0;-169617.0;350
201500025106;15;11;7;1740;2;1;1;1;3;238;00, STRASBOURG (BOULEVAR;M;4811036.0;-165565.0;350
201500025111;15;11;20;825;2;2;2;2;1;238;00, LOBINEAU;M;4809900.0;-168431.0;350
201500025113;15;11;27;1700;1;2;1;2;6;238;00, ROBERT (FERNAND);M;4813227.0;-170830.0;350
201500025117;15;11;28;315;5;2;1;2;3;238;26, DUGUAY TROUIN (QUAI);M;4811017.0;-168386.0;350
201500025118;15;11;28;1700;1;2;4;1;3;238;172, SAINT-MALO (RUE DE);M;4812129.0;-168294.0;350
201500025120;15;11;30;910;1;2;1;2;6;238;201, VERN (DE);M;4808875.0;-164458.0;350
201500025123;15;12;1;445;5;2;1;1;6;281;00, DODIN (AVENUE ROGER);M;4807496.0;-171248.0;350
201500025125;15;12;1;1810;5;2;2;1;3;238;00, REPUBLIQUE (PLACE DE;M;4810980.0;-167792.0;350
201500025134;15;12;4;925;1;2;6;1;3;278;00, AUGE DE PIERRE (ROND;M;4813661.0;-169295.0;350
201500025139;15;12;7;845;1;2;6;1;3;238;00, LYAUTEY (MARECHAL);M;4811605.0;-169186.0;350
201500025147;15;12;10;1355;1;2;2;1;3;238;07, SURCOUF;M;4810618.0;-169214.0;350
201500025179;15;12;30;1355;1;2;1;1;6;238;00, HOCHE (PLACE);M;4811531.0;-167734.0;350
201500025187;15;7;18;1158;1;2;1;1;6;288;00, ESPLANADE SAINT VINC;M;4865033.0;-202119.0;350
201500025190;15;10;16;1350;1;2;6;1;3;288;RUE NICOLAS BOUVIER;M;4864736.0;-200812.0;350
201500025197;15;11;29;805;1;2;1;1;6;44;AVENUE DES MARINS;M;4680950.0;168348.0;360
201500025200;15;3;12;745;1;2;1;1;2;44;83 AVENUE JOHN KENNEDY;M;4680090.0;169243.0;360
201500025228;15;5;11;1530;1;2;1;1;2;44;36 RUE DES INGRAINS;M;4679350.0;171184.0;360
201500025231;15;12;15;1455;1;2;1;1;6;44;RUE VICTOR HUGO;M;4681140.0;169365.0;360
201500025232;15;4;16;835;1;2;1;1;3;44;RUE D'AQUITAINE;M;4680290.0;167989.0;360
201500025242;15;5;15;2005;1;2;2;1;3;44;ST FIACRE/BD DE CLUIS;M;4680820.0;170379.0;360
201500025253;15;7;1;1759;1;2;1;1;3;44;GIRATOIRE DE LA BRENNE;M;4680790.0;167678.0;360
201500025262;15;8;9;1800;1;2;1;1;6;44;AV ANDRE LE NOTRE;M;4680060.0;170195.0;360
201500025267;15;9;13;820;1;2;1;8;3;44;41 AVENUE DE LA CHATRE;M;4680830.0;170593.0;360
201500025271;15;9;23;845;1;2;1;1;6;44;RD 920;M;4678880.0;169323.0;360
201500025300;15;2;3;750;2;2;1;1;6;159;140 AVENUE DE LA FORET;M;4677180.0;171243.0;360
201500025302;15;2;17;1845;5;2;1;1;6;261;PONT NAPOLEON;;;;370
201500025307;15;2;25;1110;1;2;1;2;6;214;271 BD CHARLE DE GAULLE;;;;370
201500025321;15;3;11;1556;1;2;1;1;3;261;RUE DU COLOMBIER;;;;370
201500025322;15;1;15;1700;1;2;2;3;3;261;COLBERT/DELAROCHE;;;;370
201500025323;15;3;6;830;1;2;1;1;6;261;AV GEORGE  POMPIDOU;;;;370
201500025333;15;3;13;1005;1;2;3;1;3;261;PLACE  CHOISEUL;;;;370
201500025335;15;3;13;1440;1;2;6;2;3;214;RUE VICTOR HUGO;;;;370
201500025348;15;3;19;834;1;2;1;1;7;261;PLACE DES HALLES;;;;370
201500025351;15;3;20;1234;1;2;2;2;7;261;RUE  LEON BOYER;;;;370
201500025361;15;3;27;1354;1;1;2;1;3;214;RUE FLEURIE;;;;370
201500025362;15;3;29;1216;1;2;1;2;3;261;40 QUAI DE  PORTILLON;;;;370
201500025363;15;3;30;1333;1;2;1;1;7;122;BD DES  BRETONNIERES;;;;370
201500025365;15;3;31;1835;1;2;1;1;6;261;18 RUE  ROUGET DE L'ISLE;;;;370
201500025380;15;1;30;800;1;2;6;8;7;214;76 RUE DE PORTILLON;;;;370
201500025383;15;4;4;1850;1;2;6;1;3;261;ROND POINT ALFRED NOBEL;;;;370
201500025387;15;4;7;830;1;2;2;1;3;233;RUE PIERRE SEMARD;;;;370
201500025399;15;2;16;1810;1;2;1;1;6;261;48  RUE D'ENTRAIGUES;;;;370
201500025405;15;4;14;1315;1;1;1;1;2;261;PLACE CHOISEUL;;;;370
201500025418;15;4;22;1550;1;2;2;1;3;261;DANIEL MAYER;;;;370
201500025420;15;4;21;1700;1;2;1;1;2;261;PONT SAINT SAUVEUR;;;;370
201500025421;15;1;19;1805;3;2;2;1;3;261;RUE D'ENTRAIGUES;;;;370
201500025423;15;1;20;830;5;2;3;1;3;261;RUE SAINT BARTHELEMY;;;;370
201500025426;15;4;23;805;1;2;3;1;1;195;RUE  RONSARD;;;;370
201500025427;15;1;20;855;2;2;2;1;3;261;RUE GIRAUDEAU;;;;370
201500025428;15;4;23;2110;5;2;2;1;3;261;RUE NATIONALE;;;;370
201500025443;15;2;11;1400;1;2;2;1;3;261;RUE DE LA FUYE;;;;370
201500025453;15;5;5;1915;1;2;1;1;3;261;20 RUE DE  BERGEONERIE;;;;370
201500025457;15;5;6;1455;1;2;3;1;3;261;STENDHAL (AVENUE);;;;370
201500025471;15;5;19;1755;1;2;3;1;3;233;RUE MARTIN AUDENET;;;;370
201500025473;15;5;20;515;5;2;3;1;3;122;PONT CHER (RUE DU);;;;370
201500025475;15;3;24;715;1;2;1;1;6;261;17   AVENUE  PROUDHON;;;;370
201500025476;15;5;21;1210;1;2;1;1;3;261;14 AVENUE DE LA TRANCHEE;;;;370
201500025490;15;5;31;1218;1;2;1;1;3;261;PLACE CHOISEUL;;;;370
201500025492;15;6;3;1340;1;2;1;1;3;261;10 RUE DANIEL MAYER;;;;370
201500025500;15;6;8;1205;1;2;6;1;3;214;169 RUE DES SOURCES;;;;370
201500025503;15;6;9;855;1;2;1;1;3;261;115 RUE  GIRAUDEAU;;;;370
201500025510;15;6;12;1111;1;2;6;2;3;261;ROUTE DE SAVONNIERES;;;;370
201500025513;15;6;13;1730;1;1;6;1;3;261;BD ABEL GANCE;;;;370
201500025517;15;6;17;1745;1;2;3;1;3;122;RUE DE VERDUN;;;;370
201500025519;15;6;15;515;3;2;1;2;3;214;BD CHARLES DE GAULLE;;;;370
201500025520;15;6;21;1400;1;2;1;1;7;214;36 RUE HENRI LEBRUN;M;0.0;0.0;370
201500025543;15;5;21;1619;1;2;1;1;7;261;RUE JACQUES  MONOD;;;;370
201500025547;15;6;18;1445;1;2;1;1;6;261;PROMENADE DE FLORENCE;M;0.0;0.0;370
201500025558;15;7;10;1930;1;2;1;1;1;261;326 RUE ED VAILLANT;M;0.0;0.0;370
201500025567;15;8;4;1535;1;2;1;1;1;261;BOULEVARD TONNELLE;M;0.0;0.0;370
201500025574;15;8;10;840;1;2;1;1;3;214;179 RUE DE LA LANDE;M;0.0;0.0;370
201500025578;15;8;13;1755;1;2;1;8;7;261;RUE ROGER SALENGRO;M;0.0;0.0;370
201500025587;15;8;6;1652;1;2;1;1;7;261;11 PL GASTON PAILHOU;M;0.0;0.0;370
201500025593;15;8;25;725;1;2;6;1;3;122;RUE DES MARTYRS;M;0.0;0.0;370
201500025595;15;8;21;1000;1;2;1;1;3;261;AV GEORGES POMPIDOU;M;0.0;0.0;370
201500025596;15;8;24;1350;1;2;1;1;7;214;RUE D AMBOISE;M;0.0;0.0;370
201500025599;15;8;27;2100;5;2;2;3;6;261;RUE LEON BOYER;M;0.0;0.0;370
201500025604;15;9;1;1200;1;2;2;1;3;233;RUE LINE  PORCHER;M;0.0;0.0;370
201500025606;15;9;2;840;1;2;1;1;3;261;AVENUE ED  MICHELIN;M;0.0;0.0;370
201500025608;15;9;2;1900;1;2;1;1;1;261;PLACE DU MAL LECLERC;M;0.0;0.0;370
201500025620;15;9;10;800;1;2;8;1;1;122;ROUTE DE MONTS;M;0.0;0.0;370
201500025622;15;9;10;1620;1;2;1;1;6;261;69 AVENUE DE  GRAMMONT;M;0.0;0.0;370
201500025623;15;9;10;1530;1;2;6;1;3;261;PONT SAINT SAUVEUR;M;0.0;0.0;370
201500025625;15;9;11;1345;1;2;1;1;1;261;PLACE ANATOLE FRANCE;M;0.0;0.0;370
201500025628;15;7;27;820;1;2;1;1;3;122;144 BD JEAN JAURES;M;0.0;0.0;370
201500025638;15;9;21;1625;1;2;1;1;7;261;52 RUE NATIONALE;M;0.0;0.0;370
201500025643;15;8;15;1235;1;2;3;1;3;261;81 AVENUE DE  GRAMMONT;M;0.0;0.0;370
201500025644;15;9;24;1915;1;2;7;1;3;261;2 PLACE CHOISEUL;M;0.0;0.0;370
201500025661;15;9;29;1320;1;2;1;1;3;261;RUE AUGUSTE CHEVALLIER;M;0.0;0.0;370
201500025666;15;10;1;1430;1;2;3;1;3;261;BD HEURTELOUP;;;;370
201500025671;15;10;2;1440;1;2;1;1;3;261;134 BD HEURTELOUP;M;0.0;0.0;370
201500025673;15;10;2;1714;1;2;1;1;7;233;AVENUE DE LA REPUBLIQUE;M;0.0;0.0;370
201500025694;15;10;20;1613;1;2;1;1;6;233;82 AVENUE  REPUBLIQUE;M;0.0;0.0;370
201500025695;15;10;21;1220;1;2;1;1;3;261;34 AV  MAGINOT;M;0.0;0.0;370
201500025704;15;10;28;1350;1;2;1;1;3;261;QUAI ANDRE MALRAUX;M;0.0;0.0;370
201500025716;15;11;4;1335;1;2;1;1;6;261;104 RUE  NATIONALE;M;;;370
201500025717;15;11;5;800;1;2;6;1;3;233;RUE VAILLANT COUTURIER;M;4739287.0;71595.0;370
201500025718;15;11;5;1115;1;1;1;1;7;233;CHEMIN DE LA MORINERIE;M;4739418.0;75131.0;370
201500025719;15;11;5;1250;1;2;3;1;3;122;2 RUE DU MARECHAL  FOCH;M;;;370
201500025728;15;11;10;755;1;2;2;1;6;261;BD JEAN ROYER;M;4738141.0;68318.0;370
201500025729;15;11;10;1750;5;2;2;1;3;261;BD JEAN ROYER;M;4738029.0;68935.0;370
201500025730;15;11;11;1940;5;2;1;1;6;261;41, GILLES (RUE CHARLES);M;;;370
201500025739;15;11;17;2000;5;2;1;1;6;261;89  RUE DE LAFUYE;M;0.0;0.0;370
201500025740;15;11;18;1740;5;2;1;2;6;261;RUE  NATIONALE  FACE FNA;M;0.0;0.0;370
201500025750;15;11;28;1425;1;2;1;1;3;233;2 RUE DES  ATELIERS;M;0.0;0.0;370
201500025756;15;11;29;1940;5;2;1;8;7;261;30 RUE NATIONALE;M;0.0;0.0;370
201500025758;15;12;1;810;1;2;3;1;1;261;RUE DE LA FUYE;M;0.0;0.0;370
201500025761;15;12;2;740;5;2;3;1;3;261;RUE  DANIEL MAYER;;;;370
201500025774;15;12;7;1050;1;2;1;1;1;261;38 RUE EMILE  ZOLA;M;0.0;0.0;370
201500025779;15;12;9;1809;5;2;1;1;6;261;75 AV DE LA  TRANCHEE;M;0.0;0.0;370
201500025792;15;12;12;1805;5;2;1;1;1;261;114 BD HEURTELOUP;;;;370
201500025796;15;12;1;815;1;2;1;1;7;261;CARREFOUR DE L ALOUETTE;;;;370
201500025799;15;12;15;1300;1;2;1;2;6;261;QUAI ANDRE MALRAUX;M;0.0;0.0;370
201500025800;15;12;15;1510;1;2;1;2;6;261;RUE GEORGES COURTELINE;M;0.0;0.0;370
201500025801;15;12;15;1640;2;2;1;3;6;208;56 AV DU GAL DE GAULLE;M;0.0;0.0;370
201500025805;15;11;11;1350;1;2;1;1;6;214;22 BD CHARLE DE GAULLE;M;4742145.0;66079.0;370
201500025806;15;12;17;2252;5;2;3;8;7;214;"""."", GAGNERIE (RUE DE LA";M;4742790.0;64325.0;370
201500025811;15;12;23;723;3;2;6;1;7;261;GANCE (BOULEVARD ABEL);M;4740416.0;72388.0;370
201500025823;15;12;31;1325;1;1;1;1;6;261;48, NATIONALE (RUE);M;4739391.0;68724.0;370
201500025824;15;1;31;3;2;2;1;1;7;261;RUE NATIONALE;;;;370
201500025830;15;2;12;915;1;2;2;1;6;53;ETISSEY;;;;380
201500025846;15;11;19;1147;1;2;1;1;1;53;0, SAINT MICHEL (BLD);M;4558920.0;527579.0;380
201500025862;15;4;22;1430;1;2;1;1;6;169;110, RUE HENRI ROUDET;M;4519116.0;568302.0;380
201500025872;15;5;7;850;1;2;3;1;3;185;MONTORGE/BELGRADE;M;4519142.0;572511.0;380
201500025873;15;2;12;1510;1;2;1;1;6;185;5, RUE DE TURENNE;M;4518487.0;572167.0;380
201500025874;15;5;5;1338;1;2;1;1;6;185;38 RUE DES EAUX CLAIRES;M;4517621.0;570919.0;380
201500025881;15;2;21;55;5;2;1;1;6;185;20, BOULEVARD JOSEPH VAL;;;;380
201500025883;15;2;26;845;1;2;6;1;7;516;BOULEVARD DE LA CHANTOUR;M;4519699.0;574870.0;380
201500025885;15;2;27;1730;1;2;1;2;6;179;30, GRAND'RUE;M;4518176.0;579163.0;380
201500025887;15;3;1;1340;1;2;1;9;6;185;BOULEVARD JOSEPH VALLIER;;;;380
201500025890;15;5;28;1315;1;2;1;1;6;151;NORMANDIE NIEMEN RUE);M;4514678.0;571970.0;380
201500025892;15;5;29;805;1;2;1;1;3;185;117 r de STALINGRAD;M;4517116.0;572395.0;380
201500025893;15;3;6;1110;1;2;1;1;6;185;00, PLACE DE VERDUN;;;;380
201500025896;15;6;3;2115;1;2;6;1;6;151;RD-PT PIERRE ET MARie cu;M;4515972.0;571987.0;380
201500025902;15;6;12;1640;1;2;2;2;6;185;R STRASBOURG/pl metz;M;4518706.0;573061.0;380
201500025906;15;6;25;820;1;2;1;1;6;185;., REYNOARD (AV. M.);;;;380
201500025919;15;7;23;1400;1;2;1;1;6;516;18 CH DE LA BASTILLE;M;4520411.0;573521.0;380
201500025930;15;9;15;1400;1;2;2;1;6;185;PLACE ARISTIDE BRIAND;M;4519419.0;571894.0;380
201500025932;15;9;18;845;1;2;1;1;6;185;117 RUE DES ALLIÉS;M;4517348.0;571783.0;380
201500025941;15;10;7;1610;1;2;1;1;6;169;RUE PIERRE COURTADE;M;4519727.0;567413.0;380
201500025944;15;10;21;1220;1;2;2;8;6;185;bd FOCH / r LANOYERIE;M;4518069.0;571957.0;380
201500025946;15;10;22;915;1;2;2;1;3;185;MAR BERTHELOT/peretto;M;4517657.0;573168.0;380
201500025948;15;10;28;1640;1;2;1;3;6;516;11 bd CHANTOURNE;M;4519746.0;574622.0;380
201500025968;15;12;8;1035;1;2;1;1;6;185;PLACE PASTEUR;M;4518379.0;573112.0;380
201500025969;15;12;10;1010;1;2;1;1;6;421;68, RUE DES TAILLÉES;M;4519259.0;575379.0;380
201500025980;15;4;22;1120;1;2;9;1;3;544;11 quai CLAUDE BERNARD;M;4554060.0;485770.0;380
201500025993;15;9;9;1837;1;2;1;1;3;544;37, VICTOR FAUGIER(RUE);M;4552663.0;488367.0;380
201500026015;15;11;5;1615;1;2;9;1;3;563;00, CROIX MORIN (AVENUE;M;4536130.0;557150.0;380
201500026021;15;3;10;1400;1;2;3;1;6;198;0, JAURES (AVENUE JEAN);;;;390
201500026027;15;2;9;1615;1;2;1;7;6;198;48, DUHAMEL (AVENUE JACQ;;;;390
201500026049;15;2;24;1930;5;2;2;1;3;88;., SAINT-VINCENT DE PAUL;M;4371592.0;-105384.0;400
201500026063;15;6;24;805;1;2;1;1;7;192;., MENDES FRANCE (AV PIE;M;4389252.0;-51424.0;400
201500026067;15;7;22;1130;1;2;6;1;2;192;HOUGA (AV DU);M;4387505.0;-46909.0;400
201500026068;15;7;31;1335;1;2;1;1;6;192;23, PLACE SAINT ROCH;M;4388942.0;-49971.0;400
201500026069;15;8;4;1930;1;2;1;1;3;192;15, BARBE D'OR (AV DE);M;4389837.0;-48056.0;400
201500026075;15;11;4;1805;2;2;1;1;3;192;650, FOCH (AV DU MARECHA;M;4389684.0;-49025.0;400
201500026079;15;12;30;1820;5;2;1;1;3;18;VALLEE MAILLARD (RUE DE;M;4761058.0;133440.0;410
201500026099;15;5;26;1810;1;2;1;1;2;18;VERDUN (AVENUE DE);M;4759500.0;134700.0;410
201500026106;15;6;11;1815;1;2;1;3;3;18;GAMBETTA (AVENUE);M;4758368.0;132161.0;410
201500026111;15;7;9;845;1;2;3;1;3;18;CHOPIN (RUE FREDERIC);M;4758758.0;131878.0;410
201500026115;15;8;5;1630;1;2;1;1;7;18;TROIS VOLONTAIRES (RAMPE;M;4758961.0;132637.0;410
201500026121;15;8;26;2055;2;2;1;1;3;295;CHAMBORD (ROUTE DE);M;4757555.0;138927.0;410
201500026152;15;12;10;1920;5;2;3;1;3;18;MONTLAUR (RUE DU COLONEL;M;4758361.0;132286.0;410
201500026182;15;12;31;1300;1;2;2;2;3;95;44 Bis, CALMETTE (RUE DU;M;4539680.0;429650.0;420