Num_Acc;an;mois;jour;hrmn;lum;agg;int;atm;col;com;adr;gps;lat;long;dep
201500026185;15;4;8;1835;1;2;1;1;2;44;RD 88;M;4540239.0;435944.0;420
201500026187;15;5;6;930;1;2;1;1;3;95;2, RUISSEAU (CHEMIN DU);M;4536696.0;427858.0;420
201500026196;15;7;21;830;1;2;1;1;1;183;RD 88;M;4540494.0;437290.0;420
201500026210;15;12;7;1250;1;1;4;1;3;316;RD 3;M;4539536.0;426310.0;420
201500026226;15;12;3;1320;1;2;1;1;7;187;0, BERGE (RUE DE LA );M;4603189.0;407125.0;420
201500026228;15;12;9;1020;1;2;2;1;3;71;0, LIBERATION (AVENUE DE;M;4603161.0;408249.0;420
201500026249;15;12;21;1920;5;2;6;1;3;184;0, BLUM  LEON   (RUE);M;4604397.0;403686.0;420
201500026268;15;5;23;1315;1;2;6;1;3;71;DE GAULLE (BOULEVARD CHA;M;4601900.0;409618.0;420
201500026271;15;6;12;930;1;2;1;1;3;187;DORIAN (ROND POINT);M;4603371.0;407746.0;420
201500026277;15;6;24;1910;1;2;3;1;3;187;0, DOURDEIN (RUE AUGUSTE;M;4604129.0;405549.0;420
201500026286;15;7;8;810;1;2;6;1;2;184;0, MICHEL LOUISE  (RUE);M;4604913.0;405164.0;420
201500026287;15;7;8;1215;1;2;3;1;1;71;0, BELGES (BOULEVARD DES;M;4602488.0;409036.0;420
201500026291;15;7;13;945;1;2;3;1;3;184;0, SAINT-ROMAIN (RUE DE);M;4604235.0;404901.0;420
201500026300;15;7;30;1330;1;2;3;1;3;187;0, COOPERATION (RUE DE L;M;4603049.0;406252.0;420
201500026301;15;8;1;2155;5;2;3;1;3;187;0, PROMENADES POPULLE(PO;M;4603655.0;406428.0;420
201500026305;15;8;10;1630;1;2;1;1;2;187;22, PROMENADES POPULLE (;M;4603537.0;406569.0;420
201500026306;15;8;20;2247;3;1;1;1;7;170;0, LE QUILLONNET (LIEU D;M;4606629.0;412260.0;420
201500026307;15;8;21;2105;5;2;2;1;3;184;0, POINCARE RAYMOND (RUE;M;4604736.0;406902.0;420
201500026308;15;8;27;1157;1;2;1;1;3;187;Face 14, BRISON (RUE);M;4603373.0;406902.0;420
201500026315;15;9;9;1712;1;2;1;1;1;187;63, CHARLES DE GAULLE(RU;M;4603925.0;407163.0;420
201500026317;15;9;11;845;1;2;1;7;3;127;347, BRIENNON (RT DE);M;4608105.0;407338.0;420
201500026319;15;9;11;1345;1;2;3;1;3;187;0, FOLLEREAU (RUE RAOUL);M;4603241.0;407385.0;420
201500026331;15;10;1;1730;1;2;3;1;3;187;75, GIRAUD (RUE DU GENER;M;4603404.0;405353.0;420
201500026336;15;10;6;1555;1;2;2;1;3;187;0, PLASSE (RUE GEORGES);M;4603252.0;405980.0;420
201500026344;15;11;13;1655;2;2;2;1;3;187;0, THOMAS (RUE ALBERT);M;4604901.0;407408.0;420
201500026345;15;11;14;1240;1;2;1;1;6;127;0, CORNEILLE PIERRE (RUE;M;4606324.0;406250.0;420
201500026366;15;2;9;1645;2;2;1;1;2;187;8, BRISON (RUE);M;4603372.0;406902.0;420
201500026375;15;3;10;1845;5;2;1;1;7;187;157, CHARLIEU (RUE DE );M;4604800.0;408256.0;420
201500026382;15;3;19;1300;1;2;1;1;6;218;5, CHARCOT DOCTEURS JUSQ;M;4542277.0;439208.0;420
201500026392;15;4;5;1537;1;2;3;1;3;218;20, VIAL JEAN HIPPOLYTE;M;4543514.0;443718.0;420
201500026428;15;5;29;855;1;2;2;1;3;218;01, SALENGRO ROGER;M;4544102.0;438900.0;420
201500026446;15;8;4;913;1;2;3;1;3;218;ignoré, NELTNER LOUIS (B;M;4546185.0;441447.0;420
201500026451;15;8;24;1830;1;2;1;1;3;218;23, TALAUDIERE (DE LA) J;M;4545324.0;440993.0;420
201500026454;15;8;31;1132;1;2;6;1;3;218;ROOSEVELT FRANKLIN (SQUA;M;4542082.0;441073.0;420
201500026458;15;9;15;743;1;2;1;1;6;218;17, BERGSON JUSQU'AUX Nø;M;4544821.0;438466.0;420
201500026486;15;11;12;1729;5;1;1;1;6;218;25, RICHELANDIERE (DE LA;M;4543880.0;440103.0;420
201500026543;15;5;27;1315;1;2;1;1;3;207;5, TONKIN RUE DU;M;4547519.0;452233.0;420
201500026560;15;9;21;1130;1;2;1;1;1;186;36, COUZON RUE VALLEE DE;M;4552309.0;462447.0;420
201500026587;15;7;31;1200;1;2;1;1;6;2;3, AIGUILHE (AVENUE D');M;4504850.0;388100.0;430
201500026622;15;5;15;1715;1;2;1;8;1;135;52, LABÉGO ( BOULEVARD D;M;4725997.0;-242442.0;440
201500026625;15;4;9;1815;1;1;1;1;2;132;VILLES BLAIS (ROUTE DE L;M;4726527.0;-229694.0;440
201500026628;15;6;1;1650;1;2;1;1;2;55;NS, BARRIERE ( ESPLANADE;M;4728028.0;-240819.0;440
201500026632;15;7;11;1800;1;2;1;1;6;132;26, OCEANIDES (BOULEVARD;M;4726225.0;-234253.0;440
201500026633;15;7;15;820;1;2;2;1;3;132;NS, PETIT CANON (AVENUE;M;4724947.0;-230866.0;440
201500026640;15;8;8;1130;1;2;1;1;2;132;111, SAINT SEBASTIEN (AV;M;4725632.0;-232158.0;440
201500026641;15;8;23;1220;1;2;6;1;1;55;7, FLANDIN ( AVENUE DU C;M;4728753.0;-238048.0;440
201500026646;15;10;12;1800;1;1;1;1;3;55;CAILLAUD ( BOULEVARD AUG;M;4727844.0;-233976.0;440
201500026652;15;12;29;1440;1;2;1;1;1;109;RUE PAUL BELLAMY;;;;440
201500026660;15;12;31;1430;1;2;6;1;3;162;00, BOULEVARD PROFESSEUR;M;;;440
201500026676;15;3;1;100;5;2;1;9;2;109;00, FOSSE ( QUAI DE LA );M;4720850.0;-156898.0;440
201500026677;15;2;22;1940;5;2;1;2;6;109;., RUE FELIX EBOUE;M;4721133.0;-155908.0;440
201500026682;15;12;19;1530;1;2;1;1;6;109;., BOULEVARD DE LA BEAUJ;M;4715133.0;-130444.0;440
201500026685;15;3;5;1400;1;2;1;1;3;109;BOULEVARD DE CARD;M;4719891.0;-158297.0;440
201500026687;15;12;10;900;1;2;1;1;6;109;179, ROUTE DE SAINT JOSE;M;4724320.0;153990.0;440
201500026688;15;3;9;1145;1;2;6;1;3;109;BOULEVARD DE LA BEAUJOIR;M;4725851.0;-151965.0;440
201500026693;15;2;5;1230;1;2;1;1;2;109;ROUTE DE SAINTE LUCE;M;4723242.0;-152203.0;440
201500026698;15;3;5;1640;1;1;6;1;6;162;00, RUE DE LA JOHARDIERE;M;4722722.0;-165127.0;440
201500026699;15;12;21;1655;2;2;2;1;1;109;., RUE DU MOULIN DE LA G;M;4715345.0;-130402.0;440
201500026702;15;3;20;1445;1;2;6;2;3;109;0, BOULEVARD GUY MOLLET;M;4724917.0;-155416.0;440
201500026705;15;3;19;1415;1;2;1;1;6;109;1, PLACE DU COMMERCE;M;4721325.0;-155811.0;440
201500026715;15;3;25;1850;2;2;1;1;2;143;RUE DE LA BASSE ILE;M;4719630.0;-156387.0;440
201500026721;15;4;22;1255;1;1;1;1;3;114;537;M;4728150.0;-160173.0;440
201500026723;15;4;24;1730;1;2;1;1;5;143;14, RUE JEAN JAURES;M;4718994.0;-154747.0;440
201500026734;15;3;23;2145;5;2;1;1;1;109;.1, PERIPHERIQUE;M;4725430.0;-162206.0;440
201500026735;15;5;11;1830;1;1;1;1;3;109;01, RUE DE LA BASSE CHEN;M;4723661.0;-150793.0;440
201500026738;15;5;15;1530;1;2;1;1;7;109;20, GIGANT ( RUE DE );M;4721437.0;-157037.0;440
201500026740;15;4;11;920;1;2;1;2;2;109;., RUE JEAN POULAIN;M;4725180.0;-156528.0;440
201500026747;15;4;28;1645;1;2;1;1;6;109;., RUE HENRI IV;M;4721860.0;-154858.0;440
201500026748;15;5;6;820;1;2;1;1;3;26;18, RUE VEGA;M;4727508.0;-147463.0;440
201500026753;15;5;11;950;1;2;1;1;3;109;00, BOULEVARD GENERAL DE;M;4719437.0;-154658.0;440
201500026757;15;5;20;1245;1;2;1;1;3;109;BOULEVARD LEON BUREAU;M;4720719.0;-156474.0;440
201500026764;15;6;8;750;1;2;2;1;3;143;RUE FELICIEN THOMAZEAU;M;4718450.0;-154375.0;440
201500026768;15;6;19;1025;1;2;7;1;3;109;1, RUE CHARLES BRUNELLIE;M;4720900.0;-156851.0;440
201500026770;15;6;22;1350;1;2;6;1;3;109;BOULEVARD DE SARREBRUCK;M;4721340.0;-152950.0;440
201500026774;15;1;2;910;1;2;1;2;6;109;5, BERLIN;M;4721500.0;-153042.0;440
201500026780;15;6;28;1745;1;2;1;1;3;162;13, RUE JEAN JAURES;M;4722191.0;-161467.0;440
201500026782;15;1;13;900;1;2;6;2;3;109;0, RUE DE LA BOURGEONNIE;M;4725338.0;-156056.0;440
201500026791;15;5;6;1210;1;2;1;1;6;109;., RUE DE SUISSE;M;4721715.0;-152235.0;440
201500026795;15;7;4;2330;5;2;1;1;2;109;1, ALLEE COMMANDANT CHAR;M;4721780.0;-154315.0;440
201500026803;15;6;16;625;1;1;1;1;1;109;1, RUE DU BELE;M;4726975.0;-151958.0;440
201500026807;15;6;9;1915;1;2;1;1;6;109;., QUAI DE MALAKOFF;M;4721453.0;-154114.0;440
201500026814;15;7;28;1600;1;2;2;3;3;109;0, RUE BOUGAINVILLE;M;4719890.0;-158294.0;440
201500026827;15;6;24;200;5;2;1;1;6;109;AVENUE CAMUS;M;4721900.0;-157208.0;440
201500026831;15;6;24;1425;1;2;1;1;7;109;17, RUE PAUL BELLAMY;M;4722190.0;-155627.0;440
201500026834;15;7;26;2240;5;2;1;1;6;109;00, QUAI DE LA FOSSE;M;4720733.0;-156594.0;440
201500026835;15;7;1;1100;1;2;1;1;2;109;0, RUE DE GIGANT;M;4721450.0;-156772.0;440
201500026836;15;8;13;2145;3;2;1;1;6;109;138, ROUTE DE VERTOU;M;4718640.0;-152770.0;440
201500026838;15;7;23;1500;1;2;1;1;1;109;3, PLACE DE LA DUCHESSE;M;4721690.0;-154739.0;440
201500026839;15;7;23;40;5;2;1;1;6;109;., RUE DE LA MAISON BLAN;M;4722980.0;-158761.0;440
201500026841;15;8;19;1205;1;2;1;1;6;109;., CHEMIN DU PONT L'ARCH;M;4721650.0;-153112.0;440
201500026846;15;8;5;2000;2;1;9;1;6;162;1, BOULEVARD CHARLES DE;M;4721067.0;-162295.0;440
201500026852;15;8;18;1310;1;2;1;1;6;109;RUE MAUVOISINS;M;4719149.0;-152463.0;440
201500026876;15;10;3;130;5;2;7;1;3;109;PLACE VICTOR MANGIN;M;4720080.0;-154536.0;440
201500026888;15;9;17;820;1;2;1;1;6;109;RUE GUILLET DE LA BROSSE;M;4722920.0;-154305.0;440
201500026911;15;9;14;2230;5;2;7;2;2;143;31, PLACE DES MARTYRS;M;4719150.0;-154801.0;440
201500026913;15;9;15;825;1;2;6;1;3;162;BOULEVARD DE LA BAULE;M;4722170.0;-160696.0;440
201500026914;15;11;11;2110;5;2;1;1;2;109;16, RUE GAMBETTA;M;4722330.0;-153920.0;440
201500026930;15;9;11;1527;1;2;6;1;1;109;, BERLIN;M;4721510.0;-153052.0;440
201500026931;15;10;31;2030;5;2;6;1;3;109;RUE DU BOIS BRIAND;M;4725046.0;-149740.0;440
201500026936;15;10;16;1715;1;2;1;1;2;109;10, RUE DE LA BOUCHERIE;M;4721640.0;-155744.0;440
201500026937;15;11;8;1555;1;2;6;1;6;162;RUE DE SAINT NAZAIRE;M;4721100.0;-160958.0;440
201500026944;15;11;2;1700;1;2;2;1;6;109;RUE DE LA GAUDINIERE;M;4723410.0;-157570.0;440
201500026958;15;11;5;810;1;2;2;1;6;109;RUE PAUL PAINLEVE;M;4722580.0;-157061.0;440
201500026968;15;12;4;1530;1;2;1;1;6;162;235, ROUTE DE VANNES;M;4714320.0;-135450.0;440
201500026969;15;11;20;1005;1;1;3;1;6;109;RUE JULES GRANDJOUAN;M;4724810.0;-151604.0;440
201500026975;15;12;7;920;1;2;2;2;6;109;RUE DU CORPS DE GARDE;M;4713140.0;-136090.0;440
201500026977;15;12;8;1743;2;2;1;1;3;109;105, RUE DES RENARDS;M;4715390.0;-134128.0;440
201500027001;15;1;19;1000;1;2;1;1;7;109;5, RUE DE BEL AIR;M;4722080.0;-155896.0;440
201500027004;15;2;1;1142;1;2;1;1;6;109;., PLACE DE LA CHAPELLE;M;4720990.0;-157771.0;440
201500027010;15;3;3;1205;1;1;1;2;7;184;3, SUNDERLAND (BOULEVARD;M;4726995.0;-223970.0;440
201500027012;15;3;13;1240;1;1;1;2;3;184;GAUTIER (RUE HENRI) DU 1;M;4727548.0;-220576.0;440
201500027013;15;3;26;2250;5;1;3;1;3;184;LEGION D'HONNEUR (BOULEV;M;4727979.0;-220255.0;440
201500027015;15;4;13;1615;1;2;6;1;3;184;LABORDE (PLACE ATHANASE);M;4727146.0;-221865.0;440
201500027019;15;4;27;646;2;2;6;1;3;184;APPRENTIS (BOULEVARD DES;M;4729263.0;-218785.0;440
201500027020;15;4;28;1900;1;2;1;1;3;184;11, BOULEAUX (RUE DES);M;4726143.0;-225873.0;440
201500027028;15;6;17;1530;1;2;1;1;3;184;54, GAULLE (RUE DU GAL D;M;4727427.0;-221297.0;440
201500027036;15;7;22;1200;1;2;1;1;2;184;6, LAENNEC (BD DU DR REN;M;4726320.0;-223934.0;440
201500027039;15;8;18;1150;1;1;1;1;3;184;GUÉRANDE (ROUTE DE);M;4727877.0;-228792.0;440
201500027042;15;8;26;1705;1;2;2;2;5;184;17, BEAUMARCHAIS (RUE PI;M;4727632.0;-222040.0;440
201500027044;15;8;31;1455;1;2;2;2;5;184;SAINT-MARC (ROUTE DE) DU;M;4725281.0;-226088.0;440
201500027045;15;9;8;1735;1;2;1;1;3;184;174, TRIGNAC (RUE DE);M;4729621.0;-218894.0;440
201500027054;15;10;5;950;1;2;9;1;3;184;LAENNEC (BD DU DR RENÉ);M;4726643.0;-224042.0;440
201500027059;15;10;13;915;1;2;3;1;3;184;BUISSON (RUE FERDINAND);M;4725826.0;-224486.0;440
201500027074;15;12;10;720;3;2;1;1;2;184;LEFERME (BOULEVARD PAUL);;;;440
201500027079;15;12;17;1800;5;2;3;1;3;184;53, GAUTIER (RUE HENRI);;;;440
201500027082;15;1;13;725;5;2;1;2;3;184;EUROPE (BOULEVARD DE L');M;4728193.0;-220298.0;440
201500027096;15;2;26;1810;2;2;1;2;2;4;1134 R GROS MOULIN;M;4796337.0;278336.0;450
201500027117;15;4;28;1550;1;2;2;1;3;208;R GL LECLERC/R PERIER;M;4799867.0;273076.0;450
201500027122;15;5;17;2120;5;2;1;1;7;208;10 COUR JEAN DUPONT;M;4799909.0;273096.0;450
201500027128;15;6;17;1810;1;2;1;1;3;208;5 BIS BD DURZY;M;4799507.0;273548.0;450
201500027132;15;7;7;1730;1;2;1;1;6;338;3 R TOURATIER;M;4799146.0;270756.0;450
201500027158;15;10;30;2200;5;2;1;1;3;4;461 RTE ST FIRMIN DES VI;M;4797696.0;273762.0;450
201500027161;15;11;8;1645;1;2;1;1;7;208;QUEBEC (PONT);M;4799952.0;272943.0;450
201500027168;15;12;2;1229;1;2;1;1;3;4;445 RUE ANDRE LIORET;M;4799271.0;275441.0;450
201500027171;15;12;13;1245;1;2;3;1;3;208;R ROUX-FEDRY/FORET;M;4800037.0;274566.0;450
201500027181;15;10;15;1620;1;2;1;1;3;284;119 AV GL LECLERC;M;4791681.0;197692.0;450
201500027185;15;10;19;730;1;2;2;1;3;234;FG BANNIER/R PATAY;M;4790893.0;190093.0;450
201500027196;15;10;11;425;5;2;2;1;3;234;R BOURGOGNE/CHOLERIE;M;4789992.0;190639.0;450
201500027206;15;12;18;1340;1;2;1;2;3;284;58 AV CHARLES PEGUY;M;4790517.0;194671.0;450
201500027213;15;2;18;1045;1;2;1;1;3;284;R EDOUARD BRANLY;M;4792005.0;195868.0;450
201500027228;15;6;4;820;1;2;2;1;3;232;R SOURCE/R VICTOR HUGO;M;4786027.0;190934.0;450
201500027237;15;7;3;945;1;2;2;1;3;147;R MONTARAN/JOLIOT CURIE;M;4794414.0;191721.0;450
201500027274;15;1;7;1852;5;2;1;1;3;1;., DUMON (BD SYLVAIN);;;;470
201500027287;15;8;17;2205;3;2;1;1;3;1;., BARBUSSE (AV. HENRI);M;;;470
201500027296;15;9;24;1854;1;2;2;1;3;1;LACOUR (BD EDOUARD);M;4419640.0;62748.0;470
201500027304;15;10;16;1543;1;2;1;1;3;1;., BRU (AV. DU DR JEAN);;;;470
201500027319;15;2;7;1355;1;1;2;1;3;27;RD 236;;;;470
201500027338;15;12;6;1515;1;1;1;1;3;323;VC 43 - LIEU-DIT GUILLOT;M;4441490.0;77197.0;470
201500027350;15;1;5;754;5;2;3;1;3;7;0, BRESSIGNY;M;4746786.0;-55100.0;490
201500027357;15;1;6;1805;4;2;6;2;6;7;0, LE NOTRE;M;4747526.0;-60775.0;490
201500027358;15;2;20;1345;1;2;2;3;6;15;0, MENDES FRANCE AVENUE;M;4750686.0;-58981.0;490
201500027361;15;1;8;920;1;2;9;1;3;7;PATTON AVENUE;M;4747315.0;-59985.0;490
201500027364;15;2;25;1505;1;2;1;1;6;7;RUE PLANTAGENET;M;4747158.0;-55389.0;490
201500027369;15;1;9;1826;5;2;2;1;3;7;DUPETIT THOUARS;M;4746060.0;-55210.0;490
201500027371;15;1;9;1001;1;2;1;1;7;7;16, FOCH BOULEVARD;M;4746926.0;-54948.0;490
201500027386;15;3;12;745;1;2;2;1;6;7;0, COMMERCE;M;4747505.0;-54981.0;490
201500027388;15;3;13;2030;5;2;1;1;6;7;0, PAUL BERT;M;4746636.0;-55278.0;490
201500027391;15;1;15;836;2;1;1;2;6;353;D4;M;4744299.0;-48011.0;490
201500027392;15;3;14;845;1;2;6;1;3;246;0, DAVID D'ANGERS;M;4743369.0;-52962.0;490
201500027396;15;3;19;1638;1;2;1;1;2;7;BOUCHEMAINE ROUTE;M;4744800.0;-57390.0;490
201500027414;15;3;30;740;4;2;4;1;6;7;0, LARREY;M;4748172.0;-55356.0;490
201500027415;15;1;23;2045;5;2;1;1;6;7;18, BRESSIGNY;M;4746757.0;-55041.0;490
201500027416;15;4;1;805;2;2;1;1;6;7;53, MADELEINE;M;4746280.0;-54054.0;490
201500027423;15;1;26;822;2;2;1;1;6;7;PATTON AVENUE;M;4747328.0;-59553.0;490
201500027433;15;1;29;817;2;2;6;2;2;353;Rue Léo LAGRANGE;M;4744766.0;-50949.0;490
201500027437;15;1;30;949;1;2;6;1;3;7;LAFAYETTE PLACE;M;4746280.0;-55383.0;490
201500027438;15;4;13;1749;1;2;1;1;6;15;245, MENDES FRANCE AVENU;M;4750800.0;-59078.0;490
201500027453;15;2;9;1644;1;2;3;1;3;246;Rue de CONTADES;M;4741856.0;-52778.0;490
201500027460;15;4;25;1020;1;2;1;1;7;7;DROITS DE L'HOMME;M;4747892.0;-54994.0;490
201500027461;15;2;11;1938;5;2;1;1;7;7;place Francois Mitterand;M;4747698.0;-55087.0;490
201500027465;15;2;14;1330;1;2;2;1;3;7;07, PORT DE L'ANCRE;M;4747587.0;-55263.0;490
201500027473;15;2;15;1206;1;2;3;1;3;7;Rue de LETANDUERE;M;4746259.0;-55506.0;490
201500027480;15;5;13;1651;1;2;1;1;3;7;78, PASTEUR AVENUE;M;4747414.0;-53680.0;490
201500027483;15;5;15;959;1;2;3;1;2;353;0, REPUBLIQUE AVENUE;M;4744930.0;-50183.0;490
201500027484;15;5;16;1915;1;2;1;1;3;7;93, BRESSIGNY;M;4746600.0;-54721.0;490
201500027489;15;5;21;1556;1;2;1;1;2;7;CONTADES AVENUE;M;4746397.0;-55408.0;490
201500027491;15;5;22;1830;1;2;1;1;2;7;14, TOUSSAINT RUE ET IMP;M;4746960.0;-55530.0;490
201500027495;15;5;27;1706;1;2;2;1;6;7;0, CUSSONEAU;M;4746888.0;-53195.0;490
201500027500;15;5;29;1415;1;2;1;1;1;7;BARRE CITE ET RUE;M;4747229.0;-59584.0;490
201500027505;15;6;4;1123;1;2;3;1;3;353;54, REPUBLIQUE AVENUE;M;4744619.0;-49723.0;490
201500027515;15;6;9;1233;1;2;1;1;3;7;0, GAMBETTA;M;4747716.0;-55339.0;490
201500027517;15;6;9;1644;1;2;6;1;6;267;0, MARMITIERE;M;4747002.0;-49098.0;490
201500027523;15;6;15;1234;1;2;3;1;3;7;0, PETIT LAUNAY;M;4746793.0;-59014.0;490
201500027531;15;6;19;956;1;2;3;1;1;267;0, REUX;M;4746938.0;-50990.0;490
201500027542;15;7;1;959;1;2;2;1;3;7;0, MOLIERE PLACE;M;4747398.0;-55446.0;490
201500027546;15;7;7;1015;1;2;4;1;3;7;0, MENDES FRANCE PLACE;M;4747232.0;-54609.0;490
201500027547;15;7;9;1932;1;2;1;1;3;353;85, JEAN JAURES RUE;M;4745573.0;-52423.0;490
201500027559;15;7;26;1043;1;2;6;2;6;7;0, foucaudière;M;4745789.0;-51476.0;490
201500027574;15;8;18;1849;1;2;3;1;3;7;0, PAUL BERT;M;4746649.0;-55306.0;490
201500027585;15;8;31;1841;1;1;1;1;5;7;0, GRAND MONTREJEAU;M;4746862.0;-52277.0;490
201500027592;15;9;6;1802;1;2;3;1;7;7;0, CARNOT;M;4747454.0;-54675.0;490
201500027598;15;9;15;1231;1;2;2;1;6;7;0, SALPINTE;M;4744882.0;-55249.0;490
201500027599;15;9;15;1300;1;2;1;1;1;7;0, BEAUSSIER BOULEVARD;M;4747285.0;-59979.0;490
201500027603;15;9;17;1717;1;2;1;1;6;7;0, BON PASTEUR BOULEVARD;M;4747114.0;-56495.0;490
201500027605;15;9;18;1004;1;2;2;2;6;7;0, HOCHE;M;4746778.0;-55909.0;490
201500027609;15;9;24;753;2;2;1;1;1;246;0, CHAUVIN AVENUE;M;4743246.0;-53339.0;490
201500027611;15;9;25;1545;1;2;1;1;2;7;32, GAIN ( LOUIS);M;4746861.0;-53927.0;490
201500027614;15;9;29;2350;5;2;2;1;3;7;0, BRESSIGNY;M;4746638.0;-54768.0;490
201500027615;15;9;28;1141;1;2;6;1;6;246;0, PORTE PERRIERE CHEMIN;M;4743850.0;-50851.0;490
201500027620;15;10;2;1540;1;2;1;1;3;7;0, HANNELOUP;M;4746813.0;-54687.0;490
201500027622;15;10;6;734;5;2;1;2;6;7;200, GASNIER AVENUE;M;4748911.0;-57485.0;490
201500027625;15;10;12;1226;1;2;1;1;3;7;0, MONTAIGNE AVENUE;M;4747220.0;-54087.0;490
201500027632;15;10;17;953;1;2;1;1;6;7;RUE LEKEU;M;4747156.0;-52279.0;490
201500027637;15;10;22;1945;5;2;3;1;5;7;Rue QUINET;M;4745983.0;-54236.0;490
201500027646;15;11;3;915;1;2;2;1;3;7;CARNOT;M;4747453.0;-54682.0;490
201500027657;15;11;9;1450;1;2;2;1;2;7;GASNIER AVENUE;M;4748743.0;-57354.0;490
201500027659;15;11;16;1130;1;2;2;1;3;7;BASSE CHAINE PONT;M;4747047.0;-56342.0;490
201500027661;15;11;14;1120;1;2;2;1;3;7;0, PATTON AVENUE;M;4747358.0;-58122.0;490
201500027670;15;11;18;1540;1;2;3;2;3;7;TALOT;M;4746740.0;-55577.0;490
201500027672;15;11;20;900;1;2;6;3;3;7;RABELAIS;M;4745810.0;-54456.0;490
201500027682;15;11;26;1545;1;2;3;1;3;7;TALET AVENUE;M;4747520.0;-54852.0;490
201500027691;15;12;2;1115;1;2;2;1;3;7;BRISSET SQUARE;M;4747458.0;-58511.0;490
201500027696;15;12;6;1230;1;2;1;1;7;7;RUE CHAUSSEE ST PIERRE;M;4747083.0;-55298.0;490
201500027697;15;12;5;1134;1;2;1;1;6;7;1, TURPIN DE CRISSE AVEN;M;4746477.0;-55414.0;490
201500027724;15;11;7;1344;1;2;2;1;3;99;PEPINIERE (RUE DE LA);M;4706078.0;-86535.0;490
201500027767;15;6;24;1840;1;2;6;1;3;99;RD 158;M;4706830.0;-90509.0;490
201500027768;15;6;24;1840;1;2;1;1;2;99;LORRAINE (RUE DE);M;4705610.0;-86085.0;490
201500027775;15;9;30;920;1;1;1;1;6;99;VC7 - rue de la vallière;M;4707640.0;-84873.0;490
201500027793;15;6;9;1240;1;2;1;1;6;328;8, ROUEN (RUE DE);M;4726795.0;-6893.0;490
201500027827;15;3;1;1655;1;2;2;1;1;602;AV NORTHEIM/R CAPLAIN;M;4964430.0;-158157.0;500
201500027846;15;3;30;900;1;2;1;1;1;129;RUE DE L'ABBAYE;M;4964550.0;-163734.0;500
201500027851;15;4;8;1805;1;2;2;1;3;602;RUE DES CHAUDIERES;M;4963750.0;-156866.0;500
201500027883;15;6;2;1615;1;2;1;1;7;129;RUE DE L'ABBAYE;M;4964510.0;-163655.0;500
201500027892;15;6;15;800;1;2;1;1;3;602;RUE DU GNAL DE GAULLE;M;4963870.0;-156406.0;500
201500027904;15;7;13;720;1;2;1;2;7;602;BOULEVARD MARITIME;M;4964350.0;-160258.0;500
201500027909;15;7;21;1830;1;2;1;1;7;173;RUE DE LA PAIX;M;4964850.0;-164933.0;500
201500027919;15;8;18;1700;1;2;2;1;3;129;R BECQUEREL/SALENGRO;M;4962910.0;-164110.0;500
201500027920;15;8;22;2000;1;2;1;2;6;602;BOULEVARD MARITIME;M;4964340.0;-160275.0;500
201500027924;15;8;24;730;2;2;1;2;1;129;RUE EMMANUEL LIAIS;M;4964030.0;-162840.0;500
201500027940;15;9;18;755;2;2;2;1;7;129;R LOYSEL/DUCHE;M;4963750.0;-163302.0;500
201500027943;15;9;23;1530;1;2;4;1;6;129;RUE EMMANUEL LIAIS;M;4963870.0;-162813.0;500
201500027946;15;9;29;1300;1;2;3;1;2;129;R E. LIAIS/A HOTEL DIEU;M;4964050.0;-162839.0;500
201500027950;15;10;11;1810;1;2;1;1;1;602;R DE LA CHASSE AUX LOUPS;M;4963860.0;-159105.0;500
201500027955;15;10;19;1305;1;2;2;1;3;602;BD MANCHE/PIERRE GUEROUL;M;4964190.0;-157363.0;500
201500027988;15;11;29;10;5;2;1;6;7;129;AVENUE AMIRAL LEMONNIER;M;4963390.0;-160639.0;500
201500027991;15;12;14;1230;1;2;2;1;3;173;R BELGIQUE/R PAUL DOUMER;M;4964750.0;-165485.0;500
201500027999;15;12;22;1725;2;2;2;2;7;129;AV NORMANDIE/R MEZIERES;M;4962970.0;-162332.0;500
201500028015;15;2;5;1405;1;2;3;1;3;129;R ABBAYE/BD SALINE;M;4964560.0;-163886.0;500
201500028021;15;5;29;1030;1;2;6;1;3;147;RD POINT DE L'ARQUERIE;M;4906210.0;-142699.0;500
201500028043;15;5;16;1724;1;2;1;1;3;647;RU DU 8 JUIN 1944;M;4883900.0;-155123.0;500
201500028048;15;6;25;1907;1;2;1;1;6;218;RUE LECAMPION;M;4883720.0;-159949.0;500
201500028050;15;7;9;1130;1;2;8;1;7;218;AVENUE DE LA GARE;M;4884150.0;-158643.0;500
201500028056;15;8;10;1135;1;2;1;1;3;532;RUE DE L'EUROPE;M;4881510.0;-157050.0;500