Num_Acc;an;mois;jour;hrmn;lum;agg;int;atm;col;com;adr;gps;lat;long;dep
201500028060;15;9;1;1915;1;2;6;1;3;218;RUE DES ECOLES;M;4883390.0;-157110.0;500
201500028077;15;12;27;1200;1;1;1;1;7;165;;M;4885350.0;-156463.0;500
201500028086;15;4;15;1650;1;2;3;1;3;502;RUE DE L'EXODE;M;4910500.0;-108668.0;500
201500028091;15;5;18;1155;1;1;6;2;3;2;PAPIN (RUE DENIS);M;4911080.0;-113405.0;500
201500028095;15;8;4;1315;1;2;6;1;3;502;PARIS;M;4911570.0;-107479.0;500
201500028096;15;8;5;1120;1;2;2;1;3;502;LA DOLLEE/DU PRE DE HAUT;M;4911900.0;-108659.0;500
201500028099;15;8;22;1200;1;2;6;1;1;502;MATIGNON (ROND POINT);M;4910580.0;-106877.0;500
201500028100;15;9;10;1655;1;2;1;1;3;502;RUE DU MARECHAL JUIN;M;4911570.0;-107706.0;500
201500028108;15;11;13;950;1;1;6;1;2;2;RTE DE COUTANCES;M;4910920.0;-113535.0;500
201500028143;15;2;5;1410;1;2;6;1;3;172;RTE DE TAISSY/NIECPE;M;4922052.0;406378.0;510
201500028154;15;4;19;245;5;2;1;1;4;454;AVE DU GAL DE GAULLE;M;4924920.0;402472.0;510
201500028163;15;7;3;1650;1;2;3;1;4;454;R. DE CERNAY/SAINT BRUNO;M;4925794.0;405361.0;510
201500028165;15;7;13;1950;1;2;1;1;6;454;AVENUE FRANCOIS MAURIAC;M;4923277.0;400258.0;510
201500028177;15;9;25;1620;1;2;1;1;3;454;1 PLACE DE LA REPUBLIQUE;M;4926168.0;402984.0;510
201500028187;15;10;13;740;2;2;1;1;3;454;RUE DU COMMANDANT ARNAUD;M;4927376.0;402987.0;510
201500028200;15;10;26;1405;1;2;2;1;1;454;BD ALBERT 1ER/COUTURIER;M;4927340.0;401488.0;510
201500028209;15;11;12;810;1;2;3;1;3;454;14 RUE DU RUISSELET;M;4924433.0;403648.0;510
201500028217;15;11;16;2300;5;2;1;2;1;454;RUE PASSE DEMOISELLES;M;4924405.0;402121.0;510
201500028219;15;11;17;1410;1;2;1;1;3;454;4 AVENUE D EPERNAY;M;4924828.0;401265.0;510
201500028220;15;11;20;800;5;2;2;3;3;454;R. DE COURCELLES/GERUZEZ;M;4926287.0;401645.0;510
201500028228;15;11;27;1210;1;2;1;1;3;454;33 RUE DUMONT D'URVILLE;M;4922585.0;403835.0;510
201500028232;15;12;3;800;1;1;6;1;2;454;ROND POINT DE CHAMPAGNE;M;4921251.0;401546.0;510
201500028240;15;12;15;1750;5;2;1;1;6;454;BD DU PRESIDENT WILSON;M;4923796.0;402392.0;510
201500028248;15;12;25;255;5;2;2;2;6;454;R. GUICHARD/ST THIERRY;M;4926565.0;402073.0;510
201500028253;15;12;30;1330;1;2;2;1;1;172;R DES LAPS/ACCES MAGASIN;M;4921610.0;404513.0;510
201500028266;15;12;16;1250;1;2;1;1;6;121;4, CASSEZ (AVENUE EMILE;M;4811022.0;512908.0;520
201500028273;15;8;6;1350;1;2;1;1;6;121;REPUBLIQUE (AVENUE);M;4809891.0;514514.0;520
201500028280;15;11;15;1115;1;2;6;1;6;121;RD 619;M;4809234.0;514537.0;520
201500028283;15;2;12;1014;1;2;2;1;6;121;0, MARECHAL JUIN (BOULEV;M;4809916.0;515326.0;520
201500028290;15;5;17;1320;1;2;3;1;3;448;28, CAMUS (RUE JEAN);M;4863884.0;497568.0;520
201500028301;15;2;21;1550;1;2;1;1;3;201;48, HUGO (AVENUE VICTOR);M;4807795.0;-81980.0;530
201500028307;15;3;17;930;1;1;1;1;6;130;ELAIN (BOULEVARD PIERRE);M;4808108.0;-79544.0;530
201500028308;15;4;27;1410;1;1;1;1;5;54;VOIE COMMUNALE 6(ROUTE D;M;4810829.0;-82844.0;530
201500028313;15;7;30;1830;1;1;1;1;6;34;3, BARBES ( IMPASSE DES;M;4807338.0;-73404.0;530
201500028315;15;9;3;1900;1;2;6;1;3;130;ATLANTIQUE ( AVENUE DE L;M;4805270.0;-79386.0;530
201500028347;15;12;12;1240;1;2;3;1;3;159;GENERAL LECLERC AVENUE;M;4862006.0;635093.0;540
201500028358;15;3;25;2030;2;2;1;9;2;382;ARTS (AVENUE DES);;;;540
201500028387;15;8;24;1837;1;2;6;3;6;493;00, MARECHAL FOCH (AVENU;M;4953289.0;582253.0;540
201500028429;15;3;4;1645;1;1;1;1;4;547;BOURGOGNE (AVENUE DE);M;4865202.0;615028.0;540
201500028435;15;11;27;915;1;2;1;5;6;395;FRANCE (AVENUE ANATOLE);;;;540
201500028439;15;3;12;900;1;2;3;1;3;547;LECLERC (AV. DU GENERAL;M;4866000.0;616667.0;540
201500028447;15;3;19;1150;1;2;1;1;6;184;40, BERIN (RUE ROGER);M;4870647.0;622575.0;540
201500028452;15;3;17;1045;1;2;1;1;3;357;COURBET (RUE);M;4871275.0;616772.0;540
201500028456;15;3;25;1520;1;2;2;1;3;395;SAINT JEAN (RUE);;;;540
201500028459;15;3;23;1820;1;2;1;1;3;395;59, FRANCE (AVENUE ANATO;;;;540
201500028464;15;12;3;1548;1;2;1;1;6;395;JARDINIERS (RUE DES;;;;540
201500028466;15;12;1;1625;1;2;1;1;1;547;BARTHOU (BD LOUIS);;;;540
201500028474;15;5;19;1855;1;2;3;1;6;328;98, SAINT EXUPERY (RUE A;M;4861880.0;616917.0;540
201500028476;15;4;10;2340;5;2;1;1;1;395;TIERCELINS (RUE DES);M;4869183.0;619297.0;540
201500028477;15;4;10;1315;1;2;2;1;3;395;HUGO (RUE VICTOR);;;;540
201500028490;15;4;20;1435;1;2;1;1;3;482;ALEXANDRE 1ER (RUE);;;;540
201500028494;15;12;23;1300;1;2;6;2;3;274;FAURE (RUE GABRIEL);;;;540
201500028500;15;3;25;2100;5;2;1;1;6;395;JAURES (BOULEVARD JEAN);M;4868133.0;617847.0;540
201500028514;15;5;7;1805;1;2;1;1;6;395;47, SAINT DIZIER (RUE 2;;;;540
201500028517;15;5;19;1640;1;2;1;1;1;395;25, SAINT LAMBERT (IMPAS;;;;540
201500028522;15;5;9;1343;1;1;1;1;3;547;BARTHOU (BD LOUIS);M;4866841.0;618925.0;540
201500028523;15;5;19;1625;1;2;2;1;3;395;GRANDE RUE;;;;540
201500028538;15;5;13;1720;1;2;4;1;3;395;FOCH (AVENUE 2 A 16/;;;;540
201500028541;15;6;4;820;1;2;1;1;2;300;PATTON (RUE DU GENERAL);;;;540
201500028548;15;5;7;900;1;2;1;1;6;547;LECLERC (AVENUE DU GENER;;;;540
201500028551;15;6;12;1825;1;2;1;1;3;395;4b, MICHOTTES (RUE DES);M;4869264.0;617885.0;540
201500028558;15;6;24;1135;1;2;1;1;2;395;23, BOUFFLERS (AVENUE) D;M;4868917.0;616186.0;540
201500028561;15;6;24;1450;1;2;2;1;3;395;BLANDAN (IMPASSE ET RUE;M;4867790.0;616834.0;540
201500028563;15;6;30;1450;1;2;6;1;3;395;Marcel BROT (Rue et Rond;M;4867693.0;620607.0;540
201500028565;15;6;25;1750;1;2;1;1;2;395;416, LIBERATION (AVENUE;M;4869570.0;614067.0;540
201500028569;15;6;15;1415;1;2;1;1;2;395;DOMINICAINS (RUE DES);;;;540
201500028581;15;7;15;1820;1;2;1;1;6;395;119, STRASBOURG (AVENUE;M;4867922.0;619673.0;540
201500028584;15;7;22;1600;1;2;1;1;6;395;VINGT SIXIEME R.I.;;;;540
201500028591;15;6;18;1730;1;1;1;1;3;257;HAQUIN (AVENUE EMILE);;;;540
201500028606;15;8;22;1715;1;2;2;1;3;339;CARNOT (RUE SADI);;;;540
201500028619;15;9;3;630;2;2;1;1;2;395;NABECOR (RUE DE);M;4868126.0;619350.0;540
201500028639;15;9;15;1800;1;2;3;1;3;578;MULLER (AVENUE PAUL);;;;540
201500028642;15;9;19;2252;5;2;3;1;6;395;PIXERECOURT (RUE GUILBER;;;;540
201500028646;15;9;23;1915;2;2;2;1;3;395;LECLERC (AV. DU GENE;;;;540
201500028652;15;9;28;1030;1;2;1;1;3;257;SONGEUR (RUE LEON);;;;540
201500028656;15;9;27;915;1;2;1;1;3;357;PINCHARD (RUE RAYMOND LI;M;4870389.0;615282.0;540
201500028658;15;10;5;800;1;2;1;1;6;395;LEOPOLD (COURS);;;;540
201500028671;15;9;14;1955;5;2;2;1;3;395;LEBRUN (RUE ALBERT);;;;540
201500028676;15;9;6;655;1;2;2;1;2;395;MOROT (PLACE AIME);M;4869957.0;616555.0;540
201500028684;15;10;22;1045;1;2;1;1;1;274;6, APOTHICAIRES  (RUE DE;;;;540
201500028685;15;10;26;1825;5;2;7;1;2;395;GIRAUD (PLACE DU GENERAL;;;;540
201500028699;15;11;4;1703;1;2;2;1;3;578;MULLER (AVENUE PAUL);M;4866976.0;615695.0;540
201500028705;15;11;5;1410;1;2;1;1;2;395;0, POINCARE (RUE HENRI);M;4869102.0;617680.0;540
201500028714;15;10;10;1650;1;2;1;1;3;395;51, HAUSSONVILLE (BD D');;;;540
201500028723;15;11;20;1700;1;2;1;1;3;395;HERMITE (RUE);M;4869884.0;617257.0;540
201500028731;15;11;7;1140;1;2;1;1;2;395;MAZAGRAN (RUE);M;4868977.0;617603.0;540
201500028743;15;12;9;1225;1;2;1;1;3;395;35, JUIN (AVENUE DU MARE;;;;540
201500028753;15;12;14;1855;5;2;2;1;1;304;EUROPE (AVENUE DE L');M;4867976.0;614836.0;540
201500028758;15;12;17;1720;2;2;1;1;6;395;24, CARRIERE (PLACE DE L;;;;540
201500028765;15;1;6;1350;1;2;3;1;3;395;STRASBOURG (AVENUE DE);;;;540
201500028774;15;1;10;1140;1;2;1;2;3;184;BRIGACHTAL (AVENUE DE);;;;540
201500028787;15;1;21;1720;5;2;2;1;6;395;SAINT DIZIER (RUE 82 ET;;;;540
201500028793;15;1;27;1330;1;2;1;1;6;395;160, STRASBOURG (AVENUE;;;;540
201500028795;15;1;29;805;1;2;2;2;6;395;37, BOUDONVILLE (Rue de);;;;540
201500028806;15;2;13;1425;1;2;2;1;3;498;GRANDS PRES (RUE DES);;;;540
201500028828;15;8;19;1225;1;1;1;1;6;431;RD 910 BIS (ROCADE DE LI;M;4891861.0;605045.0;540
201500028833;15;2;22;1015;1;1;6;1;3;431;BRIEY (ROUTE DE);M;4891704.0;603762.0;540
201500028840;15;4;15;2115;3;1;1;1;1;580;AUDUN (ROUTE D');;;;540
201500028865;15;8;11;1320;1;2;1;1;7;545;22, EPARGES ( AVENUE DES;;;;550
201500028872;15;2;17;1320;1;2;1;1;3;121;0, KERVARIC (ROND POINT;M;4774794.0;-338858.0;560
201500028875;15;2;24;855;1;2;1;2;3;98;0, LENINE ( AV. );M;4776178.0;-334523.0;560
201500028879;15;2;28;649;5;2;1;1;3;121;0, GUIEYSSE (RUE  PAUL );M;4775694.0;-336508.0;560
201500028883;15;11;20;1156;1;2;1;1;3;121;0, MANIO ( ECHANGEUR ET;M;4775638.0;-338462.0;560
201500028886;15;3;5;1410;1;2;1;1;3;121;0, PERRIERE ( AV DE LA );M;4773402.0;-336511.0;560
201500028894;15;3;12;1810;1;1;1;1;6;107;0, KERMELO (PONT);M;4773118.0;-338611.0;560
201500028898;15;3;14;1211;1;1;1;1;2;98;0, GUEYSSE (AVENUE  GEOR;M;4776791.0;-335036.0;560
201500028901;15;11;29;850;1;2;1;1;7;121;0, POTTIER (RUE  EUGENE;M;4776275.0;-339561.0;560
201500028906;15;3;27;920;1;2;1;1;2;98;0, KESLER-DEVILLERS ( AV;M;4776682.0;-333754.0;560
201500028913;15;12;1;920;1;2;1;8;3;98;0, PELLETAN (RUE CAMILLE;M;4775767.0;-334969.0;560
201500028918;15;4;7;1800;1;2;6;1;3;107;0, KERHOAS (RUE DE);M;4772664.0;-338390.0;560
201500028930;15;4;19;1725;1;2;1;1;7;121;0, INDES ( QUAI DES );M;4774557.0;-335945.0;560
201500028956;15;12;29;1710;1;1;1;1;3;121;0, LE BIHAN (RUE  MOISE;M;4773626.0;-338246.0;560
201500028959;15;12;30;1440;1;1;1;2;7;83;0, GARDELOUPE ( R-P DE L;M;4779956.0;-326056.0;560
201500028971;15;5;26;1459;1;2;2;1;3;121;0, KERLIN (RUE  DE );M;4774722.0;-337655.0;560
201500028972;15;5;27;2110;2;2;1;1;7;98;0, PARIS (RUE COMMUNE DE;M;4777162.0;-333877.0;560
201500028974;15;6;1;1005;1;1;2;1;3;98;8, COMBES (RUE  EMILE );M;4777069.0;-334819.0;560
201500028978;15;6;4;1900;1;2;1;1;7;162;0, ARGOAT (RUE D' );M;4790183.0;-241239.0;560
201500028979;15;6;5;906;1;2;1;1;6;121;0, BOLLARDIERE (RUE  GEN;M;4775321.0;-339159.0;560
201500028990;15;6;16;1723;1;2;1;1;3;98;0, KESLER-DEVILLERS ( AV;M;4776798.0;-334272.0;560
201500029006;15;7;9;1705;1;2;3;1;3;162;0, SAINT BIEUZY (RUE DE);M;4773369.0;-343048.0;560
201500029017;15;7;30;900;1;2;3;1;3;121;0, BOLLARDIERE (RUE  GEN;M;4775365.0;-339177.0;560
201500029023;15;8;8;1125;1;2;1;1;3;107;0, PINSONS (RUE DES);M;4771524.0;-337536.0;560
201500029026;15;8;14;901;1;2;1;2;3;121;0, BASE DES SOUS-MARINS;M;4773585.0;-337393.0;560
201500029027;15;8;14;1051;1;2;1;1;7;121;COLBERT (RUE);M;4775128.0;-335968.0;560
201500029043;15;9;7;1128;1;1;3;1;3;162;0, KERSCOUET;M;4770752.0;-343730.0;560
201500029053;15;9;18;2322;5;2;1;1;7;121;0, CALVAIRE (RUE  DU );M;4773651.0;-336541.0;560
201500029056;15;9;24;1425;1;2;1;1;7;121;0, MARNE ( AV DE LA );M;4774236.0;-336842.0;560
201500029061;15;9;28;1340;1;2;1;1;7;121;0, MASSE (RUE  VICTOR );M;4775078.0;-336143.0;560
201500029063;15;9;29;850;2;2;6;1;2;121;0, BELLE-FONTAINE (RUE;M;4774532.0;-336603.0;560
201500029066;15;9;30;1700;1;1;1;1;3;162;0, KERVAM (RUE DE);M;4773426.0;-342704.0;560
201500029071;15;10;6;845;1;2;3;1;3;162;0, MITTERRAND (RUE FRANC;M;4773256.0;-342160.0;560
201500029075;15;10;9;800;2;2;6;1;3;121;0, MARIENNE ( AV CAPITAI;M;4773877.0;-339177.0;560
201500029077;15;10;12;1500;1;1;1;1;7;162;0, KERSCOUET;M;4770854.0;-342134.0;560
201500029084;15;10;21;1700;1;2;6;1;7;98;0, TRUDAINE (RUE  DANIEL;M;4778002.0;-333374.0;560
201500029090;15;11;3;755;2;2;1;7;3;121;12 TOULLEC (RUE  FRANCOI;M;4773249.0;-338004.0;560
201500029101;15;11;13;1320;1;2;6;1;3;98;0, LANN-SEVELIN (ROND PO;M;4777743.0;-334465.0;560
201500029103;15;11;18;813;1;2;1;1;6;121;0, ZAY (RUE  JEAN );M;4774356.0;-338858.0;560
201500029106;15;1;9;835;1;2;1;2;3;121;0, CHAZELLES ( COURS LOU;M;4775480.0;-336317.0;560
201500029112;15;1;19;1635;1;2;6;1;3;121;0, KERVARIC (ROND POINT;M;4774837.0;-338877.0;560
201500029115;15;1;28;845;1;2;1;1;7;121;0, KERYADO ( RD-PT DE );M;4776338.0;-339546.0;560
201500029122;15;2;6;1340;1;2;1;1;7;121;0, BECAM (RUE  EUGENE );M;4773728.0;-338663.0;560
201500029135;15;3;14;903;1;2;3;1;3;260;., MONNET(AVENUE JEAN);M;4766071.0;-276064.0;560
201500029138;15;4;11;1706;1;2;1;1;2;260;21, THIERS(RUE);M;4765523.0;-275975.0;560
201500029147;15;6;23;1620;1;2;2;1;1;260;HUGO(AVENUE VICTOR) 1 A;M;4766142.0;-275706.0;560
201500029167;15;11;4;725;2;2;3;2;3;260;., PAIX(BLD DE LA) 41 A;M;4766092.0;-275442.0;560
201500029220;15;3;11;1800;1;2;2;1;1;480;00, SAINT LADRE (RUE );M;4909747.0;615559.0;570
201500029234;15;2;5;1935;5;1;1;1;6;463;87 D, SENTE A MY (RUE );M;4909446.0;617614.0;570
201500029244;15;4;16;1603;1;2;1;1;3;463;15, ALLIES (RUE DES);M;4913025.0;616566.0;570
201500029247;15;5;4;1050;1;2;1;1;5;463;96, CASTELNAU (RUE );M;4909586.0;617097.0;570
201500029250;15;5;13;710;1;1;6;1;3;751;00, HENRY DE LADONCHAMPS;M;4915241.0;614894.0;570
201500029259;15;6;2;1945;1;2;4;1;3;487;00, RD 157B;M;4909544.0;611913.0;570
201500029266;15;6;22;1345;1;2;1;1;2;463;34, VERDUN (RUE DE );M;4910735.0;616916.0;570
201500029271;15;6;30;2020;1;2;1;1;3;751;00, DOCTEUR CHARCOT (RUE;M;4914738.0;616581.0;570
201500029272;15;7;1;1205;1;2;6;7;3;447;METZ (RUE DE);M;4906813.0;614732.0;570
201500029283;15;8;17;1610;1;2;1;1;6;463;64, SERPENOISE (RUE );M;4911565.0;617409.0;570
201500029294;15;10;5;1225;1;2;2;1;1;463;00, CLAUDE BERNARD (RUE;M;4911570.0;620474.0;570
201500029296;15;10;10;931;1;2;1;1;6;463;20, PONT A MOUSSON (RUE;M;4910185.0;616306.0;570
201500029309;15;11;26;1104;1;2;9;1;6;463;SOLIDARITE (BOULEVARD DE;M;4910715.0;622699.0;570
201500029386;15;9;9;1010;1;2;1;1;3;757;43, Nations (Avenue);M;4935812.0;618909.0;570
201500029389;15;9;28;1440;1;2;1;1;3;672;30, Bld Robert Schuman;M;4935354.0;617895.0;570
201500029408;15;12;3;1206;1;2;3;1;3;306;31, WENDEL (RUE DE);M;4932744.0;606865.0;570
201500029423;15;5;10;1730;1;1;9;1;3;371;;M;0.0;0.0;570
201500029424;15;11;1;1115;1;1;1;5;1;437;;M;0.0;0.0;570
201500029433;15;3;26;755;1;2;1;1;3;194;35, SAINT BENIN;;;;580
201500029434;15;3;31;1510;1;2;3;1;3;194;PONT CIZEAU;;;;580
201500029441;15;4;15;1155;1;2;1;1;6;194;21, SAULAIES (ROUTE);;;;580
201500029443;15;4;18;1045;1;2;1;1;3;194;SANS, BERNARD PALISSY;;;;580
201500029447;15;4;23;1810;1;2;2;1;3;194;SANS, ALFRED BRISSET;;;;580
201500029457;15;7;7;825;1;2;1;1;7;194;21, TREIZIEME DE LIGNE;;;;580
201500029460;15;7;14;955;1;2;1;1;6;194;SANS, RAIE;M;4698288.0;313179.0;580
201500029463;15;7;3;1210;1;2;6;1;3;194;SANS, MADEMOISELLE BOURG;M;4699514.0;316815.0;580
201500029466;15;7;12;2120;2;2;1;1;2;194;SANS, PONT DE LOIRE;M;4698364.0;315878.0;580
201500029478;15;9;5;1615;1;2;1;1;7;194;PETIT MOUESSE;;;;580
201500029496;15;11;24;715;1;2;1;1;6;194;CROIX JOYEUSE (CARREFOUR;M;;;580
201500029504;15;12;2;1200;1;2;3;1;3;194;SANS, PAUL VAILLANT COUT;M;4699331.0;315685.0;580
201500029519;15;2;11;1505;1;2;1;1;3;194;HENRI BOUQUILLARD;;;;580
201500029526;15;4;10;1730;1;2;1;1;2;487;AV GASTON VERMEIRE;M;4915250.0;227320.0;950
201500029549;15;3;13;1025;1;1;1;1;3;17;GUESDE  (PLACE JULES);;;;590
201500029562;15;10;8;1145;1;2;1;1;6;431;ARMENTIERES  (RUE D' );;;;590
201500029567;15;11;3;1100;1;1;6;1;3;17;BEAUVAIS (QUAI DE);;;;590
201500029582;15;9;13;1120;1;1;1;1;7;43;CLAVERHELST (LIEU DIT);;;;590
201500029585;15;4;21;1515;1;1;2;1;3;43;METEREN (ROUTE DE);;;;590
201500029587;15;6;3;1130;1;2;1;1;6;122;3, DELATTRE DE TASSIGNY;M;5000000.0;300000.0;590
201500029603;15;8;7;1820;1;2;3;1;2;253;LOUBRY (RUE EDGARD );M;5044083.0;356731.0;590
201500029604;15;8;7;1340;1;2;1;1;1;153;116, STRADY (RUE ADOLPHE;M;5047355.0;357811.0;590
201500029607;15;9;6;1115;1;2;1;1;3;616;371, HUGO (RUE VICTOR );M;5046070.0;356765.0;590
201500029621;15;7;7;1130;1;1;1;1;6;302;14, JAURES (R. JEAN);M;5035611.0;345247.0;590
201500029623;15;5;19;1400;1;2;1;1;6;172;BLANQUI (R.);M;;;590
201500029625;15;8;10;1800;1;2;2;1;1;172;MOUSSERON (R. JULES);M;;;590
201500029626;15;8;12;1800;1;2;1;1;2;504;LAMENDIN (R. ARTHUR);M;;;590
201500029643;15;12;7;2040;3;1;1;1;2;329;JOFFRE (RUE DU MARECHAL);M;5034380.0;309156.0;590
201500029653;15;5;21;1805;1;1;3;1;3;629;RIEULAY (ROUTE DE );;;;590
201500029658;15;6;26;2245;5;2;1;1;2;7;CHEVALET (RUE DU);M;5040175.0;315716.0;590
201500029669;15;8;1;1920;1;2;9;1;6;654;270, LANGEVIN (RUE PAUL);M;5038797.0;310166.0;590
201500029683;15;11;5;1155;1;2;1;1;3;178;RD 643;M;5037420.0;306619.0;590
201500029689;15;2;6;1130;1;2;3;1;2;654;BULTEZ (RUE MARCEL);;;;590
201500029703;15;2;13;1515;1;2;1;1;6;271;24, MOULIN;;;;590
201500029708;15;5;10;1650;1;2;1;1;2;183;., LIBERATION - AVENUE;M;5104107.0;238879.0;590
201500029714;15;6;14;1840;1;1;1;1;6;155;WALDECK ROUSSEAU;M;5102183.0;239052.0;590
201500029718;15;7;11;700;1;2;1;1;2;540;50, REPUBLIQUE;M;5102894.0;235723.0;590
201500029720;15;7;12;1230;1;2;3;1;3;155;60, HUGO VICTOR;M;5101905.0;238424.0;590
201500029724;15;7;22;1200;1;2;3;1;3;183;PARIS;M;5102940.0;237459.0;590
201500029731;15;8;29;300;5;1;1;1;6;540;58, HUGO VICTOR;M;5101498.0;220061.0;590
201500029735;15;9;13;900;1;2;3;1;3;271;., MOULIN;M;5102333.0;230455.0;590
201500029738;15;10;2;1300;1;2;1;1;3;271;., DUBEDOUT HUBERT - AVE;;;;590
201500029753;15;12;9;1640;1;2;1;1;3;271;GARNAERSTRAETE;M;5100922.0;229538.0;590
201500029765;15;9;3;1610;1;2;3;1;3;295;., PASTEUR;;;;590
201500029767;15;11;25;1040;1;2;6;7;3;295;DE CAESTRE;;;;590
201500029779;15;1;9;855;1;2;3;2;2;350;NC, SOLFERINO RUE N?1 -;;;;590
201500029780;15;3;3;1520;1;2;1;1;6;328;380, DUNKERQUE AVENUE DE;;;;590
201500029795;15;1;20;1400;1;2;2;1;6;350;NC, FAUBOURG D'ARRAS RUE;;;;590
201500029796;15;4;8;1540;1;2;1;1;6;196;Rue d' ESCOBECQUES;M;5063150.0;294000.0;590
201500029800;15;1;22;730;1;2;3;8;3;328;NC, SAINT PAUL ALLEE;;;;590
201500029803;15;3;10;300;5;2;1;1;2;350;MONTEBELLO  BOULEVARD N°;M;5061947.0;304853.0;590
201500029805;15;3;14;255;5;2;3;1;6;350;nc, LEBAS JEAN BAPTISTE;;;;590
201500029807;15;12;7;1345;1;2;2;1;6;350;68, VAUBAN BOULEVARD Nø;M;5063181.0;304601.0;590
201500029811;15;1;30;800;2;2;1;4;2;350;NC, JAVARY RUE;;;;590
201500029821;15;3;9;1645;1;2;6;1;6;350;NC, DOREZ BARTHELEMY PLA;;;;590
201500029826;15;4;7;1305;1;2;3;1;3;350;CARREL ARMAND RUE;;;;590
201500029834;15;4;25;310;5;2;1;2;3;350;146 SOLFERINO RUE N°110;M;5063147.0;305408.0;590
201500029835;15;2;14;1515;1;2;1;1;3;350;NC, STRASBOURG PLACE;;;;590
201500029850;15;5;12;1200;1;2;1;1;6;378;44, DELATTRE DE TASSIGNY;;;;590
201500029864;15;4;17;1620;1;2;2;1;2;328;HIPPODROME AV DE L Nø237;M;5063941.0;303305.0;590
201500029887;15;6;29;2000;1;2;6;1;3;560;BOUVRY ROGER RUE;M;5053450.0;301580.0;590
201500029888;15;6;25;1715;1;2;1;1;3;350;108, MOLINEL RUE NøPAIRS;M;5063347.0;306552.0;590
201500029890;15;6;18;1250;1;2;2;1;3;350;BD VAUBAN;M;5063450.0;304861.0;590
201500029895;15;6;12;2315;5;2;1;1;3;350;FAIDHERBE RUE;M;5063680.0;306875.0;590
201500029898;15;11;13;1655;2;2;1;9;6;350;10, VAUBAN BOULEVARD N°;M;5038068.0;2571.0;590
201500029903;15;7;22;1745;1;2;1;1;3;350;13, BASSE RUE;M;5063900.0;306275.0;590
201500029908;15;7;16;1800;1;2;1;1;6;350;77, DOUAI RUE;M;;;590
201500029911;15;6;11;1630;1;2;1;1;6;350;BRETON JULES RUE;M;5060670.0;304551.0;590
201500029921;15;8;15;1505;1;2;2;1;4;368;175, POMPIDOU G. RUE DU;M;5065685.0;306434.0;590
201500029943;15;10;4;1635;1;2;3;1;3;9;, MONS BOULEVARD DE;M;;;590
201500029947;15;8;7;910;1;2;1;1;6;350;39, TOURNAI RUE DE;M;5063480.0;307219.0;590
201500029955;15;10;30;2040;5;2;1;1;3;350;STATIONS RUE Nø RESTE;M;5062677.0;304327.0;590
201500029969;15;11;14;2000;2;2;1;8;6;350;REPUBLIQUE AVENUE DE LA;M;5063920.0;301267.0;590
201500030005;15;2;26;1730;1;2;7;2;2;339;, CARNOT (PLACE SADI);M;5041026.0;317058.0;590
201500030010;15;3;4;1747;1;2;2;1;6;512;459, GRANDE RUE;M;5069666.0;318778.0;590
201500030019;15;3;15;1839;1;2;1;1;4;339;93, CATTEAU (RUE PIERRE);;;;590
201500030024;15;3;18;1720;1;2;1;1;2;512;166 bis, GRANDE RUE;;;;590
201500030032;15;3;27;2010;4;2;2;1;3;512;DAUBENTON (RUE);;;;590
201500030034;15;3;27;710;1;2;3;1;3;512;LYON (BOULEVARD DE);;;;590
201500030036;15;4;3;1345;1;2;1;2;3;512;49, CUVIER (RUE);;;;590
201500030041;15;4;13;1000;1;2;1;1;2;512;103, REIMS (BOULEVARD DE;;;;590
201500030071;15;5;10;830;1;2;1;1;3;650;109, CARETTE (AVENUE HEN;;;;590
201500030077;15;5;15;1730;1;2;3;1;1;512;35, VERDUN (AVENUE DE);;;;590
201500030082;15;5;22;1900;1;2;1;1;6;598;ROUBAIX (RUE DE);;;;590
201500030088;15;5;27;1615;1;2;1;1;6;512;NOUVEAU MONDE (RUE DU);;;;590
201500030095;15;6;2;800;1;2;2;1;6;339;SALENGRO (RUE ROGER);;;;590
201500030098;15;6;9;1730;1;2;4;1;3;512;JAURES (AVENUE JEAN);;;;590
201500030099;15;6;12;1110;1;2;1;1;3;512;316, LANNOY (RUE DE);;;;590
201500030104;15;6;19;1930;1;2;1;1;6;512;21, MEESCHAERT (RUE ARMA;;;;590
201500030118;15;7;3;1555;1;2;1;1;3;650;127, DELORY (RUE GUSTAVE;;;;590
201500030137;15;7;31;845;1;2;2;1;3;512;CHEMIN NEUF  (RUE DU);;;;590
201500030148;15;8;13;2110;5;2;3;2;2;367;56, LEBAS (RUE JEAN BAPT;;;;590
201500030154;15;8;28;1520;1;2;3;1;3;512;26, DAGUESSEAU (RUE);;;;590