Num_Acc;an;mois;jour;hrmn;lum;agg;int;atm;col;com;adr;gps;lat;long;dep
201500032375;15;9;19;2025;5;2;2;1;3;482;0, GARE AUX MARCHANDISES;M;4859204.0;773335.0;670
201500032379;15;9;21;1605;1;2;2;1;6;482;0, LEBLOIS (BOULEVARD);M;4858122.0;777015.0;670
201500032390;15;10;1;1230;1;2;3;1;1;218;0, STRASBOURG (AVENUE DE;M;4854342.0;773634.0;670
201500032393;15;10;2;815;1;2;3;1;3;482;0, ERNEST MUNCH (RUE);M;4858230.0;775727.0;670
201500032399;15;10;7;1715;1;1;2;1;1;482;0, DUCS (RUE DES);M;4859078.0;771593.0;670
201500032400;15;10;8;640;5;2;5;1;1;482;0, PRESIDENT POINCARE (B;M;4858953.0;774089.0;670
201500032401;15;10;8;1700;1;2;3;1;3;482;0, HOCHFELDEN (RUE DE);M;4859538.0;772790.0;670
201500032408;15;10;24;2325;5;2;1;1;3;482;0, SEBASTIEN BRANT (PLAC;M;4858652.0;776222.0;670
201500032415;15;11;4;1735;5;2;3;1;3;218;0, LYON (RTE DE);M;4853337.0;772187.0;670
201500032417;15;11;7;1115;1;2;2;1;2;482;FORET NOIRE (AVENUE DE L;M;4858307.0;777223.0;670
201500032418;15;11;9;745;1;2;1;1;5;482;0, AUVERGNE (PONT D );M;4858550.0;776006.0;670
201500032419;15;11;10;840;1;2;1;1;1;482;56, GRAND RUE;M;4858222.0;774143.0;670
201500032420;15;11;10;1700;2;2;2;1;3;482;0, CARPE HAUTE (RUE DE L;M;4859574.0;778660.0;670
201500032421;15;11;11;320;5;2;1;1;1;447;136, BISCHWILLER (ROUTE;M;4860761.0;774977.0;670
201500032429;15;11;24;1730;5;2;2;1;3;482;0, PROVENCE (RUE DE);M;4854589.0;775822.0;670
201500032434;15;12;1;900;1;2;1;1;3;482;0, DANUBE (PONT DU);M;4857848.0;778283.0;670
201500032438;15;12;3;730;2;2;1;1;1;482;0, RHIN (AVENUE DU);M;4857344.0;779835.0;670
201500032451;15;12;19;1415;1;2;1;1;3;482;0, PROVENCE (RUE DE);M;4854585.0;775803.0;670
201500032467;15;12;4;845;1;2;1;1;3;66;1, SELESTAT (ROUTE DE);M;4808169.0;736382.0;680
201500032477;15;6;27;635;2;2;1;1;6;66;20, LIBERTE (AVENUE DE L;M;4807610.0;733983.0;680
201500032480;15;8;26;745;1;1;1;1;2;66;16 RD45;M;0.0;0.0;680
201500032482;15;9;15;1620;1;2;3;1;3;66;42, CLEMENCEAU (AVENUE G;M;4806940.0;735872.0;680
201500032484;15;11;3;1203;1;2;2;1;3;66;7/10, SCHLUMBERGER (RUE;M;4807143.0;734988.0;680
201500032492;15;9;1;1610;1;2;1;1;6;66;Nord RUE DU 32;M;4808029.0;736074.0;680
201500032523;15;5;17;1810;1;2;3;1;1;224;53, BRIAND (AVENUE ARIST;M;4774854.0;732461.0;680
201500032532;15;6;4;1500;1;2;3;1;3;224;FORST (QUAI DU);M;4775311.0;732754.0;680
201500032539;15;6;24;1755;1;2;1;1;3;224;17, ISLY (QUAI D');M;4773855.0;733361.0;680
201500032544;15;7;17;945;1;2;1;1;3;56;6, ASHE (rue Arthur);M;4772873.0;732002.0;680
201500032546;15;7;23;1915;1;2;2;1;1;224;BALE (RUE DE);M;4775160.0;735747.0;680
201500032548;15;7;26;1520;1;2;1;1;3;224;34, SCHOEN (RUE ANNA);M;4775640.0;732614.0;680
201500032550;15;8;3;930;1;2;6;1;3;224;1, SOLEIL (RUE DU);M;4775393.0;731833.0;680
201500032551;15;8;3;2016;1;2;2;1;3;224;59, SCHOEN (RUE ANNA);M;4775729.0;732527.0;680
201500032558;15;11;12;1545;1;2;4;7;5;224;ROMAINS (RUE DES);M;4777122.0;733143.0;680
201500032559;15;11;25;1945;5;2;1;3;3;224;5, SOULTZ (RUE DE);M;4776474.0;732232.0;680
201500032562;15;12;18;1140;1;2;1;1;6;271;MULHOUSE (RUE DE);M;4774727.0;736268.0;680
201500032566;15;8;3;1830;1;2;3;7;3;297;AEROPORT ( RUE DE );M;4760690.0;752575.0;680
201500032568;15;9;14;1205;1;2;1;1;3;149;26, ST-LOUIS ( RUE DE );M;4759190.0;757575.0;680
201500032575;15;6;19;855;1;1;3;1;3;376;CROIX (RUE DE LA);M;4781932.0;733412.0;680
201500032579;15;12;10;1600;1;2;6;1;3;166;GUEBWILLER (RUE DE);M;4778916.0;731555.0;680
201500032624;15;6;30;1545;1;2;1;1;6;91;48, JEAN LIGONNET ( R );M;4559420.0;476992.0;690
201500032631;15;7;31;1100;1;1;1;1;7;91;ECHALAS (D');M;4557660.0;474982.0;690
201500032634;15;8;11;815;1;2;1;1;6;91;4 TER, MARCEL CACHIN ( R;M;4535467.0;445592.0;690
201500032646;15;11;18;730;1;2;1;1;2;91;45BIS, EDOUART IDOUX ( R;;;;690
201500032660;15;2;12;1610;1;1;1;1;6;152;AUTOROUTE A7;;;;690
201500032668;15;3;5;1850;5;2;1;1;3;256;2, HO CHI MINH;;;;690
201500032682;15;1;21;950;1;2;6;2;1;290;0, AVENUE JACQUES DUCLOS;M;4569670.0;489389.0;690
201500032702;15;6;4;1300;1;2;1;1;3;259;4, COMBATS DU 24 AOUT 19;;;;690
201500032708;15;6;19;2010;1;2;2;1;3;259;., MARCEL PAUL;;;;690
201500032728;15;11;17;710;5;2;1;1;2;92;TARARE (route de);M;4598164.0;469504.0;690
201500032742;15;3;24;840;1;2;4;2;1;275;VERDUN (DE);M;4576440.0;496722.0;690
201500032773;15;4;13;1840;1;2;1;1;3;282;PETIT MONTOUT (DU);M;4576340.0;499206.0;690
201500032781;15;4;22;640;2;2;1;1;3;266;21, CHARMETTES    (Rue d;M;4577097.0;486705.0;690
201500032786;15;5;6;820;1;2;4;1;3;29;0, FRANKLIN ROOSEVELT;M;4573550.0;490342.0;690
201500032795;15;5;19;1630;1;2;1;1;3;266;19, ANTONIN PERRIN     (;;;;690
201500032802;15;5;27;633;1;2;6;1;2;290;22, PROGRES (DU);M;4571820.0;495381.0;690
201500032831;15;6;24;750;1;2;1;1;6;266;10, ANTONIN PERRIN     (;M;4576010.0;488478.0;690
201500032842;15;7;9;744;1;2;1;1;6;290;191, GRENOBLE (DE)  -  R;M;4571420.0;496620.0;690
201500032849;15;7;9;850;1;2;3;1;3;266;126, FRANCIS DE PRESSENS;M;4577100.0;489588.0;690
201500032865;15;7;28;1930;1;2;3;1;3;282;VERDUN (DE);M;4578180.0;500414.0;690
201500032877;15;8;20;2300;5;2;3;1;3;266;287, 4 AOUT 1789    (Rue;M;4576260.0;490161.0;690
201500032879;15;8;24;1605;1;1;1;1;6;256;11, GARIBALDI;M;4576690.0;493119.0;690
201500032880;15;8;29;1350;1;2;6;1;3;266;34, FRANCIS DE PRESSENSE;M;4577181.0;486974.0;690
201500032881;15;8;28;1545;1;2;2;1;3;266;., 8 MAI 1945   (Rue du);M;4578220.0;489089.0;690
201500032883;15;7;26;1710;1;1;1;1;3;266;1, CANAL    (Rue du);M;4578563.0;489383.0;690
201500032884;15;9;1;1550;1;2;1;8;3;290;12, MIONS (DE);;;;690
201500032895;15;9;24;815;1;2;1;1;2;266;108, FRANCIS DE PRESSENS;M;4577171.0;487721.0;690
201500032908;15;10;15;1210;1;2;1;2;1;266;JEAN CAPELLE   (avenue);M;4578160.0;487389.0;690
201500032916;15;11;1;1120;1;2;9;1;1;266;326, FRANCIS DE PRESSENS;M;4576695.0;489707.0;690
201500032930;15;11;13;1535;1;2;3;1;3;275;FRATERNITE (DE LA);M;4577320.0;495422.0;690
201500032956;15;12;4;1701;2;2;8;1;3;256;0, ROGER SALENGRO;M;4576283.0;492941.0;690
201500032962;15;12;11;650;5;2;1;1;1;266;25, ANTONIN PERRIN     (;M;4575000.0;488497.0;690
201500032964;15;12;14;750;1;2;1;1;3;275;7, JONAGE (DE);M;4577261.0;497719.0;690
201500032967;15;12;16;1440;1;2;1;1;6;29;34, 8 MAI 1945 (DU);M;4572777.0;491572.0;690
201500032971;15;12;14;1620;1;2;6;1;3;282;REPUBLIQUE (DE);M;4576866.0;499138.0;690
201500032974;15;12;22;1720;2;2;1;1;1;29;., UNIVERSITE  (DE L');;;;690
201500032983;15;3;3;2150;5;2;2;1;6;282;., RUE ALFRED DE MUSSET;;;;690
201500032993;15;3;5;1800;2;2;1;1;6;286;63, AVENUE DE L EUROPE;;;;690
201500033002;15;2;5;550;5;1;1;6;6;290;18, ROUTE DE MIONS;;;;690
201500033015;15;5;2;1400;1;2;3;1;3;388;ORY Noel (RUE);M;4761613.0;613883.0;700
201500033016;15;5;21;1735;1;2;1;1;6;550;97, SAINT MARTIN (RUE);M;4762470.0;614431.0;700
201500033017;15;7;1;1730;1;2;6;1;3;550;GROSJEAN (RUE);M;4761950.0;616097.0;700
201500033019;15;7;27;1815;1;2;3;1;3;513;CORDELIERS (RUE DES);M;4763060.0;612117.0;700
201500033022;15;10;28;2055;5;2;6;3;3;550;LIBERATION (ROND POINT D;M;4761323.0;615079.0;700
201500033029;15;12;18;1820;5;2;1;1;6;76;1 avenue de verdun;M;4677677.0;485488.0;710
201500033031;15;12;28;1950;5;2;1;1;1;76;163 avenue BOUCICAUT;M;4679022.0;483219.0;710
201500033045;15;4;18;1230;1;2;9;1;6;76;11 rue COUBERTIN;M;4680877.0;485181.0;710
201500033057;15;10;25;1525;1;2;1;1;6;445;30 rue de la  VARENNE;M;4678563.0;490039.0;710
201500033058;15;1;14;1435;1;2;6;8;3;76;avenue pierre NUGUE;M;4678837.0;486586.0;710
201500033108;15;3;3;906;1;2;2;1;3;181;BOURG BELE (PONT DU);;;;720
201500033114;15;6;8;840;1;2;6;1;6;181;EDISON THOMAS (RUE);M;4802420.0;17667.0;720
201500033127;15;11;22;1600;1;1;1;1;3;3;SUZE (RTE DE LA);M;4795878.0;12914.0;720
201500033137;15;5;12;1335;1;2;6;1;3;8;35, ROOSEVELT FRANKLIN A;M;4570158.0;590916.0;730
201500033142;15;11;30;840;1;2;6;1;3;8;GRAND PORT (RONDEAU) AVE;M;4570430.0;589472.0;730
201500033152;15;5;21;1730;1;2;3;1;3;65;LYON (AVENUE DE);;;;730
201500033153;15;7;22;2120;3;2;1;3;3;65;BOISSE (AVENUE DE LA);M;4557424.0;591697.0;730
201500033159;15;5;28;1825;1;2;3;1;6;93;AV REPUBLIQUE/2 RUE PARC;M;;;740
201500033160;15;5;17;950;1;2;6;1;3;10;BD DE LA ROCADE;;;;740
201500033171;15;10;26;745;2;2;6;1;3;10;AVENUE DE GENEVE;;;;740
201500033172;15;11;10;1140;1;2;6;1;3;10;PLACE HENRI DUNANT;M;4590784.0;613630.0;740
201500033173;15;11;12;1329;1;2;1;1;3;10;RUE DES MARQUISATS;;;;740
201500033177;15;11;9;1900;5;2;1;1;6;10;BOULEVARD DU LYCEE;M;4590580.0;612692.0;740
201500033183;15;11;9;1620;1;2;6;1;3;298;AVENUE DE L'EUROPE;M;4610372.0;624389.0;740
201500033186;15;6;3;2020;1;2;2;1;3;133;RUE D'ARVE / DES VIGNES;M;4618860.0;621567.0;740
201500033187;15;5;30;1100;1;2;4;1;6;305;RUE DE MONTREAL;M;4620683.0;628262.0;740
201500033209;15;2;12;710;5;2;6;1;3;12;RUE GENEVE / BARON LOE;;;;740
201500033221;15;4;30;1425;1;2;1;1;3;281;GENEVE (AVE DE);;;;740
201500033233;15;7;11;1340;1;2;6;1;3;281;PLACE DES  ARTS;;;;740
201500033244;15;10;21;1545;1;1;3;1;7;218;564, RIVES DU LEMAN;M;4639429.0;656437.0;740
201500033252;15;2;26;805;1;2;1;1;3;281;RUE VALLON;;;;740
201500033255;15;3;2;1900;5;2;1;1;3;329;R DE L'ABBAYE;M;4954871.0;49321.0;760
201500033296;15;8;23;1130;1;2;1;2;7;26;34, RTE DE MARTIN EGLISE;M;4988654.0;113828.0;760
201500033325;15;12;28;1900;5;2;6;1;3;217;ARC DE LA POISSONNERIE;M;4992652.0;107982.0;760
201500033334;15;7;2;1130;1;2;6;2;3;259;MANDELA ( BOULEVARD NELS;M;4974400.0;38890.0;760
201500033342;15;2;16;1300;1;2;3;1;7;351;170,AV DU HUIT MAI 1945;M;4951250.0;17450.0;760
201500033345;15;2;20;1130;1;2;2;3;2;447;25, R DE LA COMMUNE 1871;M;4954500.0;18864.0;760
201500033366;15;3;30;2130;5;2;2;1;3;351;R JEAN JACQUES ROUSSEAU;M;4949734.0;13133.0;760
201500033374;15;4;18;1250;1;2;1;1;2;447;110, AV MARECHAL FOCH;M;4953415.0;18846.0;760
201500033376;15;4;18;1830;1;2;1;1;7;351;12, R DU FOYER HAVRAIS;M;4950592.0;13948.0;760
201500033377;15;4;15;2050;2;2;3;1;3;351;104, R ANATOLE FRANCE;M;4949575.0;11837.0;760
201500033379;15;4;21;755;1;2;1;1;6;351;68, AV FOCH;M;4949307.0;10432.0;760
201500033385;15;4;24;1200;1;2;1;1;7;351;298, R ARISTIDE BRIAND;M;4950042.0;13791.0;760
201500033387;15;4;28;1210;1;2;2;1;6;351;41, R ANATOLE FRANCE;M;4949525.0;11309.0;760
201500033416;15;6;8;900;1;2;1;1;3;351;9, CHS JOHN KENNEDY;M;4948454.0;10452.0;760
201500033419;15;6;11;1500;1;2;1;1;7;351;117, AV JEAN JAURES;M;4949933.0;15588.0;760
201500033421;15;6;14;1402;1;2;1;1;7;351;R GENERAL ROUELLE;M;4950307.0;13080.0;760
201500033430;15;6;25;1910;1;2;2;1;3;351;R DOCTEUR LAMAZE;M;4950127.0;17247.0;760
201500033436;15;6;26;1825;1;2;1;1;7;351;35, R DEMIDOFF;M;4949722.0;13019.0;760
201500033456;15;8;3;1630;1;2;1;1;7;447;49, AV PRESIDENT WILSON;M;4954229.0;18107.0;760
201500033458;15;8;5;800;1;2;1;1;3;351;370, R DE VERDUN;M;4950234.0;17458.0;760
201500033461;15;8;8;2055;2;2;3;1;3;351;115, R JULES LECESNE;M;4949300.0;12147.0;760
201500033464;15;8;11;1520;1;2;2;1;3;351;79, R GUSTAVE BRINDEAU;M;4949250.0;13967.0;760
201500033473;15;8;29;1830;1;2;1;1;6;351;64, R DE LA SOUS BRETONN;M;4951136.0;9331.0;760
201500033476;15;9;6;1130;1;2;1;1;3;351;AV D APLEMONT;M;4950407.0;17852.0;760
201500033494;15;9;23;930;1;2;2;1;3;351;R EUGENE MOPIN;M;4951656.0;15593.0;760
201500033505;15;10;11;1620;1;2;1;1;6;351;21, R DEMIDOFF;M;4949724.0;12946.0;760
201500033540;15;11;5;1030;1;2;6;2;3;351;118, R MARCEAU;M;4949172.0;13275.0;760
201500033541;15;11;18;945;1;2;3;1;3;351;44, AV PABLO PICASSO;M;4950276.0;15288.0;760
201500033558;15;12;10;135;5;2;1;1;7;552;12, BD PRESIDENT FELIX F;M;4950541.0;7880.0;760
201500033585;15;12;27;1500;1;2;1;1;6;351;177, AV JEAN JAURES;M;4950063.0;16100.0;760
201500033588;15;12;24;1815;5;2;2;1;3;351;109, R ROGER SALENGRO;M;4950614.0;11422.0;760
201500033601;15;10;28;1620;1;1;1;1;3;366;RTE DE SAINT JEAN;M;4951172.0;102750.0;760
201500033604;15;2;28;2015;5;2;2;1;3;322;AV RENE COTY;M;4940547.0;105338.0;760
201500033637;15;4;18;1;5;2;2;1;1;540;R DE BAMMEVILLE;M;4943011.0;109066.0;760
201500033643;15;4;18;910;1;1;1;1;3;474;R DES LONGS VALLONS.;M;4949146.0;106350.0;760
201500033653;15;5;21;1105;1;1;6;1;3;484;RTE DES ESSARTS;M;4934569.0;107721.0;760
201500033660;15;5;19;1710;1;2;6;1;1;575;21, AV AMBROISE CROIZAT;M;4937544.0;110266.0;760
201500033668;15;6;13;1840;1;2;3;1;3;498;57, BD STANISLAS GIRARDI;M;4941400.0;106465.0;760
201500033673;15;6;17;2350;5;2;1;1;2;681;477, R DE PARIS;M;4941070.0;109993.0;760
201500033679;15;6;30;2315;5;2;1;1;2;540;110, R DU MONT GARGAN;M;4943603.0;111333.0;760
201500033680;15;6;24;1800;1;2;1;1;3;540;AV PASTEUR;M;4944302.0;107722.0;760
201500033686;15;7;17;656;1;2;2;1;3;540;46, R BOUVREUIL;M;4944562.0;109470.0;760
201500033698;15;7;22;1050;1;2;3;1;3;575;R DE PARIS;M;4939728.0;110309.0;760
201500033705;15;7;16;1900;1;1;1;1;3;681;1, R GASTON CONTREMOULIN;M;4941924.0;109800.0;760
201500033770;15;11;9;910;1;2;2;1;3;410;2, R PAUL PAINLEVE;M;4948239.0;104278.0;760
201500033796;15;12;6;1445;1;2;1;1;2;322;;M;4938938.0;105615.0;760
201500033809;15;1;4;2123;5;2;6;1;3;5;;M;4940902.0;112109.0;760
201500033811;15;1;8;1745;5;2;1;1;3;540;66, QU DE BOISGUILBERT;M;4944438.0;107095.0;760
201500033826;15;1;27;1640;1;2;1;1;2;540;55 bis, JOUVENET;M;4945020.0;110354.0;760
201500033839;15;3;12;845;1;2;1;1;6;108;12,rue A MEUNIER;M;4887241.0;258951.0;770
201500033850;15;7;28;755;2;2;9;8;3;108;MARECHAL FOCH (AVENUE DU;M;4887004.0;257542.0;770
201500033854;15;7;20;1550;1;2;1;1;6;108;28, RESISTANCE (AVENUE D;M;4887700.0;258551.0;770
201500033857;15;11;11;1225;1;2;3;1;6;108;26, RUE DE BROU;M;4888483.0;261825.0;770
201500033869;15;4;15;1850;1;1;1;1;1;132;D934;M;4888094.0;278264.0;770
201500033905;15;12;17;1750;3;1;1;1;2;186;RD606. de la rochette à;M;4848505.0;266556.0;770
201500033945;15;11;18;740;1;2;3;1;3;124;TOURNAN (ROUTE DE );;;;770
201500033994;15;12;10;1000;1;2;1;1;3;288;20 bis, CHAMBLAIN   (BOU;M;4853354.0;265480.0;770
201500034008;15;6;17;940;1;2;3;1;3;296;D57 X ACCES DECHARGE;M;4863687.0;257697.0;770
201500034024;15;12;3;1115;1;1;6;1;3;53;BUTTE AUX BERGERS (RUE D;M;4870370.0;260707.0;770
201500034031;15;3;6;1800;1;2;1;1;3;305;5, MONTAIGNE (COURS);M;4839589.0;295438.0;770
201500034037;15;9;26;1220;1;2;1;1;6;210;12, EGLISE (RUE DE L');M;4838114.0;290484.0;770
201500034052;15;6;20;1230;1;2;3;1;3;302;23, ACACIAS (AVENUE DES);M;4829887.0;270018.0;770
201500034057;15;11;1;1505;1;1;1;1;5;458;DEPARTEMENTALE 207;M;4818055.0;272113.0;770
201500034063;15;3;3;850;1;2;1;1;1;83;4, BD DU BOIS DE GRACE;M;4884794.0;258557.0;770
201500034065;15;3;20;1900;1;1;1;1;3;83;MALNOUE (ROUTE DE);M;4883430.0;259850.0;770
201500034067;15;3;27;1745;1;2;6;1;3;146;D10P X D1406;M;4882358.0;264059.0;770
201500034078;15;7;3;1625;1;2;6;1;2;146;D10P X AV JEAN MONNET;M;4882852.0;264239.0;770
201500034083;15;7;28;1410;1;2;3;1;6;468;CHEVRE (RUE DE);M;4885598.0;265581.0;770
201500034101;15;2;12;1820;2;2;1;1;6;169;2, BD OLOF PALME;M;4880842.0;261855.0;770
201500034113;15;4;24;1725;1;1;6;1;2;374;D471 X D21;M;4879596.0;271375.0;770
201500034120;15;6;9;720;1;2;1;1;3;373;96, PRES ST MARTIN (RUE;M;4878314.0;261601.0;770
201500034140;15;11;5;910;1;2;1;1;3;373;39, AV. CHARLES ROUXEL;M;4879600.0;260449.0;770
201500034206;15;4;24;1355;1;1;6;1;2;624;POISSY AVENUE DE;;;;780
201500034229;15;7;9;1220;1;2;1;1;3;624;FRERES LEIRIS RUE DES;M;4900717.0;200735.0;780
201500034258;15;12;19;1805;3;1;1;1;1;397;DEPARTEMENTALE 13 (ROUTE;;;;780
201500034263;15;3;12;1300;1;2;1;1;3;208;43 TER, TRAPPES (ROUTE D;;;;780
201500034283;15;6;16;1850;1;2;1;1;6;297;ARMSTRONG (RUE NEIL);;;;780
201500034342;15;6;4;1725;1;2;3;1;3;440;VERNEUIL (ROUTE DE);;;;780
201500034373;15;2;27;1140;1;2;6;1;3;440;BECHEVILLE (RUE DE);;;;780
201500034382;15;6;19;1705;1;2;1;1;2;545;BARBUSSE (BOULEVARD HENR;;;;780
201500034415;15;6;8;1723;1;2;3;1;3;517;0, LOUVIERE (RUE DE LA);M;4864362.0;183841.0;780
201500034432;15;3;24;2125;3;2;1;2;3;551;CENTRALE (ROUTE);;;;780
201500034439;15;4;14;1530;1;2;1;1;3;350;VIGEE LEBRUN (RUE);M;4886140.0;212326.0;780
201500034488;15;6;5;900;1;2;1;1;3;124;JEAN JACQUES ROUSSEAU (A;M;4891608.0;217806.0;780
201500034510;15;11;7;1245;1;2;5;1;1;124;JEAN JACQUES ROUSSEAU (A;M;4891597.0;217783.0;780
201500034512;15;4;6;1430;1;2;1;1;3;586;134, BERTEAUX (MAURICE);M;;;780
201500034522;15;12;13;1700;5;2;1;1;3;646;6, INDEPENDANCE AMERICAI;M;4880225.0;212069.0;780
201500034533;15;5;27;1837;1;2;1;1;6;646;15, PAROISSE (RUE DE LA);M;4880827.0;212721.0;780
201500034539;15;6;7;915;1;2;1;1;2;640;LOUIS BREGUET (AVENUE);M;4878170.0;218139.0;780
201500034558;15;9;11;1410;1;2;1;1;2;646;64, CHANTIERS (RUE DES);;;;780
201500034568;15;10;2;1800;1;2;1;1;3;117;MINIERE (RUE DE LA);M;4885661.0;235222.0;780
201500034575;15;11;27;2215;5;2;1;2;6;646;SAINT MARTIN (RAMPE);M;4879487.0;213007.0;780
201500034581;15;1;8;1700;5;2;6;2;7;117;GUYNEMER (AVENUE);;;;780
201500034604;15;8;11;1210;1;2;1;1;2;191;310B AVENUE DE PARIS;M;4633459.0;-42817.0;790
201500034617;15;1;4;1105;1;2;1;1;7;191;222  AV. DE LA ROCHELLE;M;4631168.0;-47935.0;790
201500034652;15;10;8;1450;1;2;1;1;6;1;111,Bd de la REPUBLIQUE;M;5011179.0;183484.0;800
201500034658;15;2;19;2240;5;2;6;1;1;21;00, PORT (BOULEVARD DU);M;4989894.0;229088.0;800
201500034676;15;4;10;850;1;2;1;1;3;21;00, FAIDHERBE (BOULEVARD;M;4989433.0;228662.0;800
201500034682;15;5;5;2150;5;2;3;1;1;21;00, PARMENTIER (PLACE);M;4989533.0;230615.0;800
201500034692;15;6;7;1500;1;2;2;1;1;21;29, R DE LA REPUBLIQUE;M;4989155.0;229680.0;800
201500034697;15;6;18;815;1;2;3;2;3;21;RUE DHAVERNAS;M;4988473.0;230035.0;800
201500034700;15;6;25;750;1;2;6;1;3;21;00, PIERRE MENDES FRANCE;M;4989871.0;229026.0;800
201500034711;15;7;9;1050;1;2;1;1;7;21;66, SAINT PIERRE (CHAUSS;M;4990281.0;230398.0;800
201500034739;15;9;11;1715;1;2;1;1;2;21;251, CHS JULES FERRY;M;4988384.0;232387.0;800
201500034745;15;9;18;840;1;2;2;1;1;21;RUE TERRAL;M;4990859.0;229157.0;800
201500034755;15;10;1;2025;5;2;2;1;3;21;BD DE DURY;M;4988155.0;228510.0;800
201500034766;15;10;12;1405;1;2;1;1;3;21;AVENUE PAUL CLAUDEL;M;4987479.0;227458.0;800
201500034768;15;10;13;1530;1;2;6;1;3;21;RUE DESCARTES;M;4987428.0;231788.0;800
201500034772;15;10;23;745;2;2;1;1;7;21;RUE MARCHE LANSELLES;M;4989669.0;229783.0;800
201500034786;15;11;10;1615;1;2;2;1;3;21;RUE MARCHE LANSELLES;M;4989604.0;229773.0;800
201500034797;15;11;25;1740;5;2;6;2;2;21;RUE DES FRANCS MURIERS;M;4989674.0;230042.0;800
201500034802;15;12;9;825;2;2;1;1;3;21;9, Bd MAIGNAN LARIVIERE;M;4988958.0;229341.0;800
201500034805;15;12;15;1720;5;2;1;2;3;21;AV DE L'EUROPE;M;4991153.0;230264.0;800
201500034831;15;1;22;1315;1;2;3;1;3;489;00, LOUIS PROT (RUE);M;4987052.0;235701.0;800
201500034842;15;2;5;1710;1;2;1;1;3;21;00, DEJEAN (RUE);M;4989138.0;231430.0;800
201500034846;15;2;10;915;1;2;1;1;3;21;45, JEAN CATELAS (RUE);M;4989596.0;228977.0;800
201500034856;15;5;28;1300;1;2;1;1;1;4;RIVIERE (DE LA);M;4393054.0;214565.0;810
201500034858;15;6;23;1030;1;2;1;1;6;4;FOCH (AV ET PASS MARECHA;M;;;810
201500034877;15;6;2;1845;1;2;3;1;3;65;DEPARTEMENTALE 89 (RD);M;;;810
201500034896;15;4;9;1125;1;2;9;1;2;33;0, LECLERC (du Maréchal);M;4405246.0;110106.0;820
201500034908;15;12;27;1345;1;1;2;1;3;121;NC, MIRABEL D 69 (ROUTE;M;4407075.0;136685.0;820
201500034916;15;5;11;1815;1;2;2;1;3;121;NC, LEOJAC (AVENUE DE);M;4401788.0;138599.0;820
201500034917;15;5;16;1900;1;2;1;1;3;121;219, MOURETS (AVENUE DES;M;4401845.0;137153.0;820
201500034933;15;8;20;1221;1;1;6;7;3;121;NC, rond point des osage;M;4399561.0;135061.0;820
201500034937;15;8;20;1930;1;2;1;1;6;121;853, RAMIEROU (RUE DU);M;4401654.0;138319.0;820
201500034957;15;10;22;450;5;2;1;1;2;121;60, BRIAND (RUE ARISTIDE;M;4401676.0;134380.0;820
201500034958;15;1;22;1650;1;2;1;1;3;121;251, MOULIN N 20 (AVENUE;;;;820
201500035007;15;3;23;1405;1;2;1;1;3;61;0, BOULEVARD S?VERIN DEC;M;4342866.0;673631.0;830
201500035010;15;5;3;1815;1;2;1;1;3;118;667, BD GEN DE GAULLE;;;;830
201500035019;15;4;30;1100;1;2;1;1;3;61;0, AVENUE DE LATTRE DE T;M;4343143.0;675287.0;830
201500035028;15;7;21;1615;1;2;1;1;3;61;RD559  ST AYGULF;M;4340326.0;672977.0;830
201500035036;15;9;27;925;1;1;1;1;3;118;., ROUTE DES GOLFS;M;4345181.0;683367.0;830
201500035041;15;12;9;1505;1;2;3;1;3;118;RUE JULES BARBIER;M;4342219.0;676860.0;830
201500035053;15;4;4;1610;1;2;6;1;3;69;DECUGIS (AVENUE ALFRED);M;4310569.0;617581.0;830
201500035075;15;9;14;1320;1;1;1;1;5;69;1, PIERREFEU (ROUTE DE);M;4315502.0;612883.0;830
201500035077;15;9;17;920;1;1;1;1;2;69;GIENS (ROUTE DE );M;4308025.0;614933.0;830
201500035084;15;1;4;2050;5;1;6;1;3;34;RUE DES 3 PINS;;;;830
201500035088;15;12;18;1000;1;2;1;1;3;69;ARROMANCHES ( ROND POINT;M;4308285.0;614968.0;830
201500035091;15;1;13;1055;1;1;1;1;6;34;RUE DES 3 PINS;;;;830