Num_Acc;an;mois;jour;hrmn;lum;agg;int;atm;col;com;adr;gps;lat;long;dep
201500035101;15;4;1;1900;1;2;1;6;3;129;60, KENNEDY (AVENUE J.)N;M;4310794.0;581472.0;830
201500035102;15;4;9;1530;1;1;6;1;3;9;0, DEPARTEMENTALE 559 (R;M;4314927.0;575067.0;830
201500035107;15;2;26;1025;1;2;1;1;3;129;COUDOULIERE (LA);M;4309753.0;581205.0;830
201500035114;15;6;3;1210;1;2;6;1;2;9;ARMEE D'AFRIQUE (ROND PO;M;4314900.0;576374.0;830
201500035120;15;6;29;1040;1;2;9;1;3;129;MER (AVENUE DE LA) N° PA;M;4310240.0;582137.0;830
201500035136;15;7;29;810;1;1;1;1;6;9;73, BEAUSSET (ROUTE DU);M;4314942.0;576453.0;830
201500035180;15;5;19;905;1;2;6;1;6;126;LACROIX (RUE PIERRE);M;4310103.0;588391.0;830
201500035183;15;5;27;1745;1;2;3;1;3;126;, GUILLAUME (AV HENRI);M;4308905.0;589505.0;830
201500035198;15;8;5;1830;1;2;1;1;3;126;ALLENDE (AV. SALVADOR);M;4308697.0;588098.0;830
201500035220;15;1;15;1655;1;2;2;1;6;137;DUPRAT (RUE HIPPOLYTE);M;4312469.0;593078.0;830
201500035230;15;1;26;1500;1;2;1;1;6;137;ARMARIS (BD DES);M;4312715.0;598154.0;830
201500035237;15;4;4;1115;1;1;1;1;6;90;0, GORGES (ROUTE DES);M;;;830
201500035251;15;4;14;1300;1;2;4;1;2;137;1703, PICOT (AVE DU COLO;;;;830
201500035255;15;4;8;1225;1;2;1;1;6;62;SANDRO (AVENUE CHARLES);M;4312708.0;601097.0;830
201500035279;15;5;10;1000;1;2;2;1;3;137;0, RESISTANCE (AVE / IMP;M;4311830.0;594583.0;830
201500035284;15;3;4;910;1;1;1;1;3;62;1811, ASTOURET (CHED');M;4311476.0;604711.0;830
201500035308;15;6;3;1200;1;2;1;1;7;137;0, LEGION ETRANGERE (ALL;M;4312155.0;593725.0;830
201500035317;15;6;18;930;1;2;1;1;3;98;117, DE LATTRE (BD DE TA;M;4310329.0;602369.0;830
201500035325;15;6;29;2300;5;2;3;1;3;137;SAINT BERNARD (RUE / PAS;M;4312165.0;593672.0;830
201500035342;15;8;2;910;1;2;1;1;3;137;0, PRUNEAU (AVE GENERAL);M;4312182.0;595560.0;830
201500035366;15;9;14;1030;1;1;1;1;6;98;0, GANZIN (AVENUE DE);M;4310793.0;603131.0;830
201500035373;15;9;23;1140;1;2;3;1;3;137;0, SAINTE ANNE (BD / RUE;M;4313464.0;593208.0;830
201500035396;15;11;16;1400;1;2;6;1;3;62;90, DELAGE (RUE MARC);M;4312488.0;600810.0;830
201500035442;15;4;4;1640;1;1;1;1;3;7;SAINT RUF (AVENUE);M;4393280.0;480982.0;840
201500035461;15;5;8;2025;2;2;5;1;3;7;C.De GAULLE (Rocade);M;4393419.0;483191.0;840
201500035467;15;11;28;846;1;2;2;1;3;7;, Midi (boulevard du);M;4393588.0;482317.0;840
201500035486;15;4;15;920;1;2;6;1;3;35;SEBASTIANI (BOULEVARD);M;4382796.0;503371.0;840
201500035491;15;5;13;1940;1;2;1;1;3;87;FACE  7, VERCORS (IMPASS;M;4414150.0;481271.0;840
201500035523;15;5;20;1740;1;2;2;1;3;191;FOCH RUE DU MARECHAL;M;4667375.0;-142830.0;850
201500035544;15;3;21;1520;1;2;6;1;1;166;ROND-POINT MITTERRAND;M;4651341.0;-177667.0;850
201500035550;15;5;16;1420;1;1;1;1;2;166;BOULEVARD VENDEE GLOBE;M;4651475.0;-175818.0;850
201500035553;15;6;10;1115;1;2;6;1;3;194;R-P ESTIENNE D'ORVES;M;4650283.0;-179852.0;850
201500035554;15;6;27;1020;1;2;1;1;6;194;37 PROMENADE KENNEDY;M;4648812.0;-176872.0;850
201500035562;15;9;28;1235;1;2;1;1;7;166;66, MITTERAND (AVENUE FR;M;0.0;0.0;850
201500035567;15;8;24;2018;1;2;1;1;2;194;13, ROUSSEAU-MECHIN (QUA;M;4649849.0;179676.0;850
201500035568;15;10;13;1500;1;2;3;1;3;166;22, MITTERAND (AVENUE FR;M;4650799.0;-177719.0;850
201500035570;15;11;5;1645;1;2;3;2;6;166;ADER (RUE CLEMENT);M;4651787.0;-178093.0;850
201500035580;15;2;11;1615;1;2;6;1;3;194;ROUTE DU TOUR DE FRANCE;M;4648556.0;-175396.0;850
201500035585;15;1;17;1606;1;2;1;1;2;66;6, HERSE (RUE DE L');M;4682512.0;55929.0;860
201500035596;15;6;22;1510;1;2;3;1;3;66;FOCH (AVENUE DU MAREC;M;4682571.0;56144.0;860
201500035599;15;7;7;1515;1;2;1;1;6;66;99, BLOSSAC (BOULEVARD D;M;4681814.0;54484.0;860
201500035607;15;9;18;700;5;2;3;1;3;66;34, BLOSSAC (BOULEVARD D;M;4681625.0;54570.0;860
201500035608;15;9;23;830;1;2;1;1;7;66;31, ABELIN (AVENUE PIERR;M;4680878.0;54335.0;860
201500035609;15;9;23;1110;1;2;2;1;3;66;1, ALSACE LORRAINE (QUAI;M;4681693.0;53842.0;860
201500035631;15;1;10;655;5;2;6;2;2;194;JACQUES COEUR (AVENUE);M;4655869.0;39003.0;860
201500035641;15;1;14;1025;1;2;1;1;6;194;7, PIERRE LEVEE (RUE DE;M;4657565.0;35486.0;860
201500035667;15;1;29;1310;1;2;3;3;3;194;., GENETS (RUE DES);M;4656870.0;37008.0;860
201500035673;15;2;9;1335;1;2;2;1;3;194;., FAUBOURG PONT NEUF (R;;;;860
201500035675;15;2;10;1550;1;2;1;1;3;194;24, GARENNE (RUE DE LA);;;;860
201500035679;15;2;11;1330;1;2;1;1;6;194;2, FIEF DE GRIMOIRE (RUE;M;4657217.0;33835.0;860
201500035683;15;2;16;730;2;1;2;5;3;194;BONNEUIL MATOURS (ROUTE;;;;860
201500035707;15;3;5;1610;1;2;1;1;2;194;JOHN KENNEDY (AVENUE);;;;860
201500035764;15;8;15;1520;1;2;1;1;3;194;NORTHAMPTON (AVENUE DE);M;4658384.0;38186.0;860
201500035793;15;9;17;1355;1;2;2;1;1;194;NANTES (AVENUE DE);M;4658501.0;33036.0;860
201500035810;15;10;11;1420;1;2;7;1;2;194;11, SALVADOR ALLENDE (RU;M;4658162.0;37344.0;860
201500035827;15;10;27;1025;1;2;2;1;3;194;., CARMES (RUE DES);M;4658172.0;35014.0;860
201500035832;15;11;2;755;1;2;3;1;3;194;14, MARAT (BOULEVARD);M;4658687.0;37823.0;860
201500035858;15;11;26;815;5;2;1;1;6;194;46, JACQUES COEUR (AVENU;M;4657110.0;36916.0;860
201500035877;15;3;17;1712;1;2;2;1;3;50;0, BUXEROLLES (ROUTE DE);;;;870
201500035968;15;6;22;1135;1;2;6;1;3;85;116, SABLARD (AVENUE DE);;;;870
201500035973;15;6;24;2015;1;2;1;1;2;85;9, FEYTIAT (RUE DE);M;4582510.0;127930.0;870
201500035976;15;6;26;1658;1;2;1;1;6;85;4, SAINTE CLAIRE (RUE);;;;870
201500035980;15;6;30;1528;1;2;1;1;6;85;21, LECLERC (AVENUE DU G;;;;870
201500036026;15;8;26;1117;1;1;1;1;1;65;0, BRUGES (ROUTE DES);M;4580420.0;133014.0;870
201500036042;15;9;10;1753;1;2;2;1;6;85;53, SAINTE CLAIRE (RUE);M;4582410.0;124539.0;870
201500036064;15;10;1;1714;1;2;2;1;6;85;119, SAINTE CLAIRE (RUE);M;4582350.0;124044.0;870
201500036136;15;11;26;1949;2;2;3;1;3;85;119, ISLE (RUE D');;;;870
201500036151;15;2;13;1501;1;1;1;1;6;85;0, LANDES (RUE DES);;;;870
201500036159;15;12;19;1111;1;1;1;1;6;21;RD 32;M;4576980.0;122413.0;870
201500036165;15;12;24;953;1;2;1;1;6;85;, BEAUBREUIL (AVENUE DE);;;;870
201500036199;15;6;9;1605;1;1;1;1;1;160;12, QUATRE VENTS (RUE DE;M;4814012.0;644991.0;880
201500036213;15;11;14;1610;1;1;1;1;2;160;GERARDMER (route de);M;4816993.0;652325.0;880
201500036215;15;11;12;1315;1;2;2;1;6;209;0, GRANDRUPT (RUE DE LA);M;4818968.0;642918.0;880
201500036223;15;9;13;1045;1;2;4;2;3;429;faubourg de Remiremont;M;4802752.0;657940.0;880
201500036229;15;6;3;1610;1;2;1;1;3;424;225, Rue de La Gare;M;4826593.0;698116.0;880
201500036240;15;7;8;1135;1;2;1;1;3;413;20, Rue d' Epinal;M;4828904.0;692644.0;880
201500036264;15;10;14;1310;1;1;1;1;2;24;R.N.6;M;4778911.0;360104.0;890
201500036276;15;6;15;1030;1;2;2;1;3;387;JEAN MOULIN (QUAI);M;4819838.0;327707.0;890
201500036281;15;9;10;2030;5;2;2;1;3;387;0, VAUBAN (AVENUE);M;4819798.0;327101.0;890
201500036285;15;11;17;1140;1;2;2;1;1;387;0, PIERRE DE COUBERTIN (;M;4819671.0;330311.0;890
201500036295;15;3;20;1805;1;2;1;1;3;10;22, VOLTAIRE (RUE);M;4764630.0;685003.0;900
201500036299;15;1;12;1913;5;2;1;1;6;8;GRAND'RUE;;;;900
201500036308;15;4;13;1120;1;2;3;1;3;10;10, BORDEAUX (RUE DE);;;;900
201500036319;15;5;2;1112;1;2;1;2;3;75;5, CERISIERS (RUE DES);M;0.0;0.0;900
201500036325;15;5;22;753;1;1;1;1;3;32;15, Rue de BAVILLIERS;M;0.0;0.0;900
201500036330;15;6;7;1121;1;2;1;1;3;10;33, BOHN (AVENUE CHARLES;M;4765070.0;684585.0;900
201500036346;15;7;24;1846;1;2;3;1;3;10;1, STROLZ (RUE);;;;900
201500036357;15;9;10;1900;2;2;1;1;1;10;21, AS DE CARREAU (RUE D;M;4738165.0;631158.0;900
201500036358;15;9;15;1045;1;2;1;8;7;10;01, DE GAULLE (AVENUE DU;;;;900
201500036360;15;9;24;1033;1;2;3;1;3;10;FRANCE (FAUBOURG DE);M;4763470.0;685364.0;900
201500036366;15;9;30;1145;1;1;1;1;1;10;MENDES FRANCE (RUE);M;4763720.0;687992.0;900
201500036382;15;11;5;1751;1;2;1;1;3;10;1, FRANCE BOULEVARD ANAT;;;;900
201500036386;15;10;25;905;1;2;1;1;3;75;1, BRIAND (RUE ARISTIDE);;;;900
201500036388;15;11;6;1950;5;2;1;1;6;10;6 BIS, TOULOUSE (RUE DE);;;;900
201500036395;15;8;26;1445;1;2;1;1;3;1;1, MONTBELIARD (ROUTE DE;;;;900
201500036403;15;11;28;1556;1;2;7;1;3;10;1, ANCETRES (FAUBOURG DE;;;;900
201500036406;15;12;2;1441;1;2;1;1;1;10;1, FOUR A CHAUX (RUE DU);;;;900
201500036410;15;12;9;700;5;2;6;2;1;8;3, ENGEL (RUE ALFRED);;;;900
201500036426;15;3;20;1730;1;2;1;1;6;103;51, ALLENDE SALVADOR (RU;;;;910
201500036482;15;5;25;1620;1;2;6;1;3;21;VERDUN (AVENUE DE);;;;910
201500036485;15;5;31;1110;1;2;1;1;1;347;LONGPONT (RUE DE);;;;910
201500036487;15;6;2;1835;1;2;1;1;3;103;BROSSOLETTE PIERRE (R;;;;910
201500036493;15;6;12;1600;1;2;1;1;3;103;DE GAULLE (ROND POINT DU;;;;910
201500036498;15;6;23;940;1;1;2;1;3;425;ARCHERS (RUE DES);;;;910
201500036499;15;6;25;600;1;2;1;1;1;552;CORBEIL (ROUTE DE);;;;910
201500036500;15;6;25;1920;1;2;1;1;7;552;CINQUANTE ARPENTS (CHEMI;;;;910
201500036525;15;9;2;1513;1;2;1;1;6;21;100, GRANDE (RUE);;;;910
201500036528;15;9;10;1800;1;2;1;1;2;425;PONT DES BELLES DAMES;;;;910
201500036543;15;10;11;2140;5;2;1;1;7;425;ORLEANS (ROUTE D');;;;910
201500036561;15;11;23;1430;1;2;1;1;3;103;BROSSOLETTE PIERRE (R;;;;910
201500036567;15;12;4;1310;1;2;1;1;7;425;TEMPLIERS (ROUTE DES);;;;910
201500036585;15;3;6;1735;1;2;2;1;3;479;JAURES (AVENUE JEAN);;;;910
201500036601;15;3;19;1550;1;2;6;1;2;514;BOUSSY ST ANTOINE (RO;M;4868072.0;253808.0;910
201500036616;15;3;7;1030;1;2;1;1;2;114;PIERRE PROST (AVENUE);;;;910
201500036641;15;11;9;1820;2;2;6;1;3;97;ROCHOPT (RUE);M;4869090.0;252570.0;910
201500036643;15;11;25;1825;3;1;1;2;3;514;RD 33;M;4866410.0;252444.0;910
201500036663;15;10;25;1208;1;2;3;1;3;174;AVENIR (RUE DE L');M;4858075.0;247633.0;910
201500036695;15;5;17;1440;1;2;1;1;3;201;GENERAL DE GAULLE(BOULEV;M;4868724.0;239882.0;910
201500036728;15;9;11;1800;1;2;1;1;1;201;14, AUGUSTE BLANQUI(AVEN;M;4868864.0;241663.0;910
201500036736;15;11;6;1520;1;2;2;3;3;657;17, CHENES (RUE DES );M;4869419.0;243636.0;910
201500036767;15;3;10;1230;1;1;1;1;7;223;RN20;;;;910
201500036807;15;6;21;1540;1;2;1;1;3;223;8, RUE JEAN MERMOZ;;;;910
201500036811;15;7;13;1650;1;2;6;1;3;223;BONNEVAUX (AVENUE;;;;910
201500036869;15;12;29;1645;1;2;3;1;1;223;NEANT, SAINT JACQUES (RU;M;4843326.0;215529.0;910
201500036893;15;1;12;1430;1;2;7;1;3;434;AIMEE ET MARIE GEOFFREY;M;4864601.0;235354.0;910
201500036894;15;6;16;1510;1;2;1;1;1;286;RN7;M;4866894.0;239338.0;910
201500036908;15;3;2;1930;4;2;1;1;3;161;MAZARIN (AVENUE);;;;910
201500036916;15;4;9;1920;1;2;1;1;5;161;36, PIERRE BROSSOLETTE (;M;0.0;0.0;910
201500036950;15;12;29;1750;3;1;3;1;1;161;4, HELENE BOUCHER (RUE);M;4871517.0;230370.0;910
201500036983;15;3;7;1055;1;2;1;1;3;689;EUROPE (BOULEVARD DE L');;;;910
201500036997;15;12;9;1600;1;1;1;7;1;689;2, EUROPE (BOULEVARD DE;;;;910
201500037034;15;3;25;1755;1;2;1;2;2;421;110, REPUBLIQUE (AVENUE;;;;910
201500037039;15;10;1;1950;1;2;1;1;2;421;RAYMOND PAUMIER (RUE);M;4870420.0;244639.0;910
201500037043;15;9;19;2105;3;2;1;1;6;691;MARCEAU BAILLOT (RUE);M;4870800.0;249525.0;910
201500037044;15;4;2;1630;1;2;3;1;3;691;;;;;910
201500037103;15;6;7;1235;1;2;1;1;6;477;37, HOCHE (RUE LAZARE);;;;910
201500037104;15;7;1;2130;1;2;4;1;3;471;52, VERSAILLES (RUE DE);M;0.0;0.0;910
201500037107;15;7;3;1400;1;2;1;1;1;471;40, TERRASSE (BOULEVARD;;;;910
201500037111;15;5;28;1620;1;2;3;1;3;692;CANADA (AVENUE DU);;;;910
201500037125;15;6;5;2215;1;2;7;1;6;471;GARE RER ORSAY VILLE;M;5070000.0;470000.0;910
201500037133;15;9;27;1005;1;1;9;1;3;692;POMPIERS (LE GRAND VIVIE;M;4867630.0;219419.0;910
201500037135;15;10;9;1550;1;2;1;1;3;645;70, GABRIEL PERI (Av);;;;910
201500037136;15;10;27;1835;2;2;1;2;5;692;AUBRAC (AVENUE DE L');M;4867776.0;217104.0;910
201500037150;15;12;7;1945;5;2;6;1;1;471;FERME (RUE DE LA);;;;910
201500037157;15;4;12;705;2;2;6;1;1;549;1, ABBE BOURSIER (PLACE;;;;910
201500037171;15;8;7;1750;1;2;1;1;2;570;LIERS (RUE);M;4863489.0;231164.0;910
201500037176;15;9;21;1900;2;2;1;1;3;570;3, GAMBETTA (RUE + PTT);;;;910
201500037194;15;3;20;1200;1;2;1;1;1;589;120, BOILEAU (RUE);M;4868541.0;234528.0;910
201500037223;15;6;22;1515;1;1;1;1;3;589;06, ROSSIGNOL (RUE CHARL;M;4867528.0;235430.0;910
201500037224;15;7;7;2030;1;1;3;2;3;589;RD 25 / A6;M;4840000.0;220000.0;910
201500037229;15;7;1;1945;1;2;1;1;5;589;31, BRIAND (BOULEVARD AR;M;4868278.0;234397.0;910
201500037239;15;9;3;905;1;2;6;1;3;589;1, GALLOIS (AVENUE EVARI;M;4868330.0;233333.0;910
201500037250;15;11;21;945;1;2;6;1;3;432;DE LESSEPS (AVENUE FERDI;M;4870019.0;233863.0;910
201500037266;15;1;26;2030;5;2;1;1;3;14;69, BIEVRE (RUE DE LA);;;;920
201500037269;15;1;31;1200;1;2;2;1;3;14;62, BIEVRE (RUE DE LA);;;;920
201500037293;15;9;28;845;1;2;1;1;6;14;29, LEON BLOY (RUE);;;;920
201500037296;15;10;12;1350;1;2;3;1;3;2;., RABELAIS (AVENUE);;;;920
201500037309;15;1;12;1800;5;2;3;1;3;4;9, FAIDHERBE ( AVENUE );;;;920
201500037312;15;1;26;1725;4;2;1;2;3;4;71, AULAGNIER ( QUAI );;;;920
201500037328;15;3;6;1615;1;2;1;1;6;4;119, COLOMBES ( RUE DE 3;;;;920
201500037340;15;3;30;1810;1;2;3;1;3;9;41, GENERAL LECLERC ( RU;;;;920
201500037349;15;4;10;1300;1;2;1;1;2;4;150, MENIL;;;;920
201500037350;15;4;11;850;1;2;9;1;2;4;257 BIS, ARGENTEUIL N? 1;;;;920
201500037357;15;4;21;2015;1;2;1;1;3;4;79, VOLTAIRE ( BD );;;;920
201500037367;15;5;13;1910;1;2;1;1;6;4;36, ABBE LEMIRE DE L';;;;920
201500037380;15;6;4;955;1;2;3;1;3;4;NS, PONT DE CLICHY;;;;920
201500037381;15;6;4;1605;1;2;1;1;2;4;186, ARGENTEUIL N° 176 A;;;;920
201500037386;15;6;15;1605;1;2;2;1;2;9;ns, HOCHE ( RUE );;;;920
201500037387;15;6;16;1725;1;2;1;1;2;4;15, GRANDE RUE CHARLES D;;;;920
201500037392;15;6;22;1920;1;2;1;3;3;4;24, GRANDE RUE CHARLES D;;;;920
201500037415;15;8;22;2200;5;2;1;1;7;9;02, VERDUN ( AVENUE DE );;;;920
201500037427;15;9;29;1340;1;2;1;1;3;4;NS, PONT DE CLICHY;;;;920
201500037446;15;11;11;1730;2;2;1;1;2;9;NS, BOURGUIGNONS ( RUE 0;;;;920
201500037467;15;12;21;1700;1;2;1;2;3;4;24, MOURINOUX ( RUE DES;;;;920
201500037483;15;3;31;2230;5;2;1;3;2;7;14, PASTEUR (AVENUE LOUI;;;;920
201500037523;15;1;7;815;1;2;2;1;3;12;CHARLES DE GAULLE (AVENU;;;;920
201500037528;15;1;13;1000;1;2;1;1;3;12;8, REPUBLIQUE (BOULEVARD;;;;920
201500037552;15;3;7;810;1;2;2;1;3;12;98, REINE (ROUTE DE LA);;;;920
201500037566;15;4;15;810;1;2;1;1;2;12;16, ALPHONSE LE GALLO (Q;;;;920
201500037600;15;6;9;1245;1;2;1;1;2;64;1, RUE GOUNOT;;;;920
201500037608;15;6;22;1930;1;2;1;2;6;12;145, JEAN JAURES (BOULEV;;;;920
201500037609;15;6;24;1340;1;2;1;1;3;12;61, PIERRE GRENIER (AVEN;;;;920
201500037633;15;7;31;2035;1;2;1;1;6;12;79, JEAN BAPTISTE CLEMEN;;;;920
201500037661;15;9;24;1730;1;2;1;1;6;12;240, JEAN JAURES (BOULEV;;;;920
201500037662;15;9;25;1755;1;2;1;1;3;12;1, PONT DE BILLANCOURT (;;;;920
201500037675;15;10;8;1630;1;2;1;1;3;12;33, EDOUARD VAILLANT (AV;;;;920
201500037680;15;10;11;1130;1;2;1;1;2;12;21, STALINGRAD (QUAI DE);;;;920
201500037697;15;11;9;1920;5;2;1;1;3;12;17, SILLY (RUE DE) 1/87;;;;920
201500037703;15;11;9;1005;1;2;1;1;3;12;3, YVES KERMEN (RUE) 3/4;;;;920
201500037709;15;11;18;1830;5;2;1;1;3;12;65, PIERRE GRENIER (AVEN;;;;920
201500037722;15;12;2;1550;1;2;1;1;3;12;127, AGUESSEAU (RUE D');;;;920
201500037724;15;12;16;2335;5;2;1;1;6;12;132, GALLIENI (RUE) 55/1;;;;920
201500037728;15;1;4;1615;1;2;1;1;6;32;DORMOY MAX (AVENUE);;;;920
201500037742;15;5;20;1440;1;2;1;1;3;71;138, HOUDAN (RUE);;;;920
201500037745;15;6;2;905;1;2;1;1;3;32;19 bis, LANGEVIN PAUL (A;;;;920
201500037754;15;9;6;1145;1;2;1;1;2;71;1, GENERAL LECLERC (AVEN;;;;920
201500037807;15;5;2;900;1;2;1;1;7;23;PLAINE (RUE DE LA);;;;920
201500037819;15;6;23;1830;1;2;1;1;3;23;05, BRETAGNE (RUE DE);;;;920
201500037846;15;9;17;900;1;2;4;1;3;23;154, AV V HUGO/ALL HUGO;;;;920
201500037855;15;9;30;1610;1;2;2;1;3;60;HERRIOT/LANGEVIN;;;;920
201500037872;15;11;13;830;1;2;1;1;7;23;220, JEAN JAURES (AVENUE;;;;920
201500037933;15;6;8;1830;1;2;1;1;3;24;04, MADAME DE SANZILLON;;;;920
201500037937;15;6;9;1025;1;2;3;1;3;24;124, VICTOR HUGO (BD);;;;920
201500037942;15;7;1;925;1;2;2;1;5;24;54, MARTRE DE (4 A 54);;;;920
201500037944;15;7;17;110;5;2;2;1;3;24;22, LANDY (RUE DU) DE (2;;;;920
201500038019;15;3;16;840;1;2;1;1;3;25;76, BOURNARD (RUE DU);;;;920
201500038029;15;4;7;1715;1;2;1;1;6;25;18, HENRI BARBUSSE (AV);;;;920
201500038068;15;9;3;1745;1;2;1;1;3;25;0, FRATERNITE (RUE DE LA;;;;920
201500038076;15;9;23;1635;1;2;1;1;6;25;87, VARSOVIE (RUE DE);;;;920
201500038078;15;9;25;1630;1;2;1;1;6;25;0, COMMERCE (RUE DU);;;;920
201500038080;15;9;29;1000;1;2;2;1;3;25;0, GABRIEL PERI (RUE);;;;920
201500038089;15;10;10;1410;1;2;1;1;7;25;86, VARSOVIE (RUE DE);;;;920
201500038120;15;12;3;800;2;2;2;1;3;25;, GABRIEL PERI (RUE);;;;920
201500038130;15;12;17;2230;5;2;3;1;3;25;0, HOCHE (RUE);;;;920
201500038136;15;12;26;1500;1;2;1;1;3;25;0, KLEBER (AV);;;;920
201500038137;15;1;2;1755;5;2;1;1;3;26;34 BIS, MARCEAU;;;;920
201500038146;15;1;27;1210;1;2;1;1;1;26;20, PRESIDENT KRUGER;;;;920
201500038163;15;3;13;2150;5;2;6;1;3;26;BELGIQUE ( PLACE DE );;;;920
201500038167;15;3;25;1010;1;2;1;1;6;26;51, VICTOR HUGO (DE 47 A;;;;920
201500038171;15;4;12;1230;1;2;1;1;7;26;25, BAUDIN;;;;920
201500038175;15;4;15;750;1;2;1;1;3;26;199, SAINT DENIS BD (120;;;;920
201500038181;15;5;20;1152;1;2;1;1;2;26;266, SAINT DENIS BD (120;;;;920
201500038208;15;7;18;1525;1;2;9;1;3;26;VERDUN (DE 62 A FIN);;;;920
201500038250;15;1;15;1150;1;2;1;6;6;35;102, R?publique ( boulev;;;;920
201500038255;15;1;31;1425;1;2;1;1;7;35;27, R?publique ( bouleva;;;;920
201500038262;15;4;7;1500;1;2;2;1;1;35;47, Foch ( avenue );;;;920
201500038297;15;1;22;1955;5;2;6;1;6;36;0, CHAMPS FOURGONS (RUE;;;;920
201500038319;15;4;8;2010;1;2;1;1;6;36;177, GABRIEL PERI (AVENU;;;;920
201500038347;15;7;25;1305;1;2;3;1;6;36;0, JAFFEUX (RUE);;;;920
201500038351;15;8;7;1325;1;1;1;1;7;36;0, DEQUEVAUVILLIERS (BOU;;;;920
201500038354;15;8;21;2045;5;2;1;1;6;36;136, HENRI BARBUSSE (RUE;;;;920
201500038365;15;10;8;2105;5;2;3;1;6;36;0, LAURENT CELY (AVENUE);;;;920
201500038373;15;11;11;1545;1;2;1;1;6;36;08, BRENU (RUE);;;;920
201500038406;15;11;2;1625;1;2;1;1;3;40;ABBE DERRY (DE L');;;;920
201500038416;15;1;3;2025;5;2;2;2;3;40;-, ERNEST RENAN;;;;920
201500038431;15;2;10;1140;1;2;1;1;3;40;35, GAMBETTA (BOULEVARD);;;;920
201500038436;15;3;11;930;1;2;2;1;3;40;ROUGET DE L'ISLE;;;;920
201500038452;15;5;17;1930;1;2;1;1;2;40;10, PASTEUR (AVENUE);;;;920
201500038458;15;7;2;1250;1;2;1;1;7;40;XX, ACCES A LA GARE (CHE;;;;920
201500038472;15;8;2;1230;1;2;1;1;3;40;150, VERDUN (AVENUE DE);;;;920
201500038476;15;8;20;1830;1;2;1;1;2;40;16 R GUYNEMER;;;;920
201500038484;15;9;24;1330;1;2;2;1;3;40;VAUDETARD;;;;920
201500038490;15;10;26;1010;1;2;2;1;3;40;GALLIENI (BOULEVARD);;;;920
201500038491;15;9;11;840;1;2;1;1;2;40;22/24, RUE DU PASSEUR DE;;;;920
201500038492;15;9;29;1900;1;2;3;1;6;40;100, GALLIENI (BOULEVARD;;;;920
201500038496;15;11;24;1500;1;2;1;2;5;40;14, PASTEUR (AVENUE);;;;920
201500038518;15;2;23;1820;5;2;1;1;7;44;51, PDT WILSON(RUE)51A75;;;;920
201500038526;15;4;1;1020;1;2;3;1;7;44;41, RIVAY(RUE)41A71 ET38;;;;920
201500038549;15;6;16;1900;1;2;1;1;3;44;58, MICHELET (QUAI) 58 A;;;;920
201500038556;15;7;7;1335;1;2;1;1;6;44;54, VOLTAIRE(RUE)53A81 E;;;;920
201500038558;15;7;17;1120;1;2;2;1;6;44;164, VIC. HUGO(RUE)115A1;;;;920
201500038559;15;7;29;915;1;2;2;1;3;44;66, CHAPTAL(RUE) 81+ ET;;;;920
201500038564;15;9;11;1830;1;2;2;2;3;44;40, VOLTAIRE(RUE)1A51 ET;;;;920
201500038583;15;11;6;1200;1;2;2;1;6;44;21, PDT WILSON(RUE) 2A24;;;;920
201500038595;15;12;19;600;5;2;2;1;1;44;58, MARJOLIN (RUE)47A59;;;;920
201500038606;15;3;10;1400;1;2;6;1;3;48;., GENERAL DE GAULLE (AV;;;;920
201500038608;15;3;31;2050;5;1;6;1;3;48;TRIVAUX (AVENUE DE) N? 9;;;;920
201500038619;15;6;30;710;1;2;3;1;1;48;03, GENERAL DE GAULLE (A;;;;920
201500038623;15;8;21;1400;1;2;3;1;6;48;., GENERAL DE GAULLE (AV;;;;920
201500038629;15;10;6;1155;1;2;1;1;6;48;20, ABEL VACHER (RUE);;;;920
201500038653;15;2;2;1820;5;2;1;8;3;49;106, DORMOY AVENUE MARX;;;;920
201500038682;15;4;15;810;1;2;1;1;6;20;37, REPUBLIQUE AV. N?27;;;;920
201500038686;15;4;23;1810;1;2;1;1;6;20;188, PARIS AVENUE DE N°8;;;;920
201500038703;15;7;3;10;5;2;3;1;3;49;43, REPUBLIQUE AVENUE DE;;;;920
201500038704;15;7;7;1810;1;2;1;1;6;20;69, PARIS AVENUE DE N°2;;;;920
201500038727;15;9;10;1730;1;2;1;1;3;49;80, GINOUX AV. HENRI N°1;;;;920
201500038728;15;9;11;800;1;2;3;1;3;49;DORMOY AVENUE MARX N°2 A;;;;920
201500038732;15;9;15;1510;1;2;1;1;7;49;14, PERIER RUE N°1 A 33;;;;920
201500038733;15;9;16;1450;1;2;2;2;3;49;PERI RUE GABRIEL AUTRES;;;;920
201500038739;15;10;8;840;1;2;1;1;7;20;VERDUN AVENUE DE AUTRES;;;;920
201500038750;15;11;3;1815;5;2;6;1;3;49;02, JAURES PLACE JEAN;;;;920
201500038808;15;4;14;910;1;2;1;1;2;50;100, LENINE VLADIMIR ILI;;;;920
201500038811;15;4;21;1630;1;2;2;7;3;50;CHAILLIERS RUE DES;;;;920