Num_Acc;an;mois;jour;hrmn;lum;agg;int;atm;col;com;adr;gps;lat;long;dep
201500038812;15;4;16;845;1;2;1;1;3;50;JOLIOT CURIE F. ET IRENE;;;;920
201500038818;15;4;29;745;1;2;1;7;3;50;HAVRE BOULEVARD DU;;;;920
201500038884;15;9;27;900;1;2;1;1;3;50;86 R P V COUTURIER;;;;920
201500038950;15;3;1;1000;1;2;3;1;3;51;140, ACHILLE PERETTI (AV;;;;920
201500038955;15;3;13;1225;1;2;1;1;6;51;44, CHATEAU (BOULEVARD D;;;;920
201500038962;15;4;7;1825;1;2;1;1;3;51;150, CHARLES DE GAULLE (;;;;920
201500038979;15;5;29;1333;1;2;1;1;6;51;19, SAINTE FOY (AVENUE);;;;920
201500038996;15;9;2;1840;1;2;1;1;6;51;54, BINEAU (BOULEVARD, N;;;;920
201500039008;15;10;12;1200;1;2;1;1;6;51;42, MADELEINE MICHELIS (;;;;920
201500039013;15;10;6;736;2;2;1;3;6;51;CHARLES DE GAULLE (AVENU;;;;920
201500039061;15;6;19;1115;1;2;1;1;3;62;140, VERDUN (RUE DE) N°;;;;920
201500039082;15;11;1;405;5;2;3;1;3;62;REPUBLIQUE (RUE DE LA );;;;920
201500039102;15;2;6;740;2;2;1;1;2;63;N?ant, CHATOU (PONT DE);;;;920
201500039103;15;2;5;1500;1;2;1;1;3;63;28, BELLE RIVE (BOULEVAR;;;;920
201500039114;15;3;31;810;1;2;4;1;3;63;17, COLMAR (AVENUE DE);;;;920
201500039126;15;5;29;1630;1;2;6;1;7;63;****, RENAULT (PLACE);;;;920
201500039141;15;7;1;1250;1;2;1;1;1;63;****, TUCK STELL (AVENUE;;;;920
201500039150;15;8;25;1850;1;2;1;2;7;63;****, TUCK STELL (AVENUE;;;;920
201500039152;15;9;6;1415;1;1;3;1;3;63;****, COLMAR (AVENUE DE);;;;920
201500039158;15;9;22;2050;5;2;3;1;3;63;****, DIX-HUIT ARPENTS (;;;;920
201500039167;15;11;4;820;2;2;1;2;1;63;****, RICHELIEU (PLACE);;;;920
201500039172;15;11;16;1355;1;2;3;1;7;63;****, FLOQUET (RUE CHARL;;;;920
201500039227;15;5;11;1550;1;2;9;1;3;33;13bis, PORTE JAUNE;;;;920
201500039228;15;5;11;1945;1;2;9;1;7;64;PARC SAINT CLOUD;;;;920
201500039241;15;6;23;1600;1;2;1;1;6;64;140, REPUBLIQUE;;;;920
201500039260;15;9;3;1410;1;2;1;1;2;64;7210, MARECHAL JUIN;;;;920
201500039273;15;10;9;1530;1;2;1;1;7;64;1, MARECHAL JUIN;;;;920
201500039327;15;4;14;1740;1;2;2;1;3;22;., SALENGRO (AVENUE ROGE;;;;920
201500039332;15;5;4;1810;1;2;1;2;6;72;01, GRANDE RUE;;;;920
201500039333;15;5;10;1030;1;2;3;1;3;22;., PAVE DES GARDES (ROUT;;;;920
201500039355;15;10;21;1600;1;2;3;1;3;72;., LECLERC (AVENUE DE LA;;;;920
201500039356;15;11;1;1800;5;2;2;1;6;77;LAROCHE (PLACE CHARLES);;;;920
201500039378;15;3;12;1845;2;2;1;1;6;73;20, JAURES (AVENUE JEAN);;;;920
201500039384;15;4;8;1910;1;2;3;1;6;73;96, FOUILLEUSE (AVENUE D;;;;920
201500039392;15;5;11;1435;1;2;1;1;3;73;1, PONT DE SURESNES;;;;920
201500039402;15;6;10;1200;1;2;1;1;2;73;152, SELLIER (BOULEVARD;;;;920
201500039404;15;6;17;1800;1;2;3;1;3;73;21, RIVIERE (RUE DU COMM;;;;920
201500039422;15;10;2;1840;1;2;3;1;6;73;4, POMPIDOU (AVENUE GEOR;;;;920
201500039427;15;10;20;1625;1;2;1;1;3;73;159, SELLIER (BOULEVARD;;;;920
201500039432;15;10;30;1855;3;2;3;1;6;73;1, LONGCHAMP (ALLEE DE);;;;920
201500039438;15;12;3;1730;2;2;2;1;3;73;1, CROIX-DU-ROY (CARREFO;;;;920
201500039454;15;2;28;1350;1;2;4;1;2;75;., JULLIEN (RUE);;;;920
201500039467;15;4;13;830;1;2;1;1;2;75;., ERNEST LAVAL (RUE);;;;920
201500039474;15;5;26;850;1;2;7;1;3;75;1, CARREFOUR DE L'INSURR;;;;920
201500039483;15;6;29;100;5;2;1;1;6;75;35, PAIX (AVENUE DE LA);;;;920
201500039486;15;7;7;830;1;2;3;1;2;46;13, FRERES VIGOUROUX (RU;;;;920
201500039496;15;9;21;1555;1;2;3;1;3;46;1, PIERRE BROSSOLETTE;;;;920
201500039504;15;10;14;1830;1;2;4;1;3;75;3, LYCEE (BOULEVARD DU);;;;920
201500039536;15;5;13;1215;1;2;1;1;6;78;4, GALLIENI (BD) (1 A 79;;;;920
201500039558;15;1;21;2055;5;2;1;1;6;62;*****, DEFENSE (ROND POI;;;;920
201500039639;15;6;12;1900;1;2;1;1;3;1;, LEOPOLD RECHOSSIERE (R;;;;930
201500039642;15;6;17;800;1;2;1;1;3;1;51, PRESLES (RUE DE);;;;930
201500039645;15;6;21;930;1;2;2;1;3;1;DANIELLE CASANOVA (RUE);;;;930
201500039675;15;8;26;2100;5;2;3;2;3;1;ECOLES (RUE DES)  => 23/;;;;930
201500039690;15;10;11;1140;1;2;1;1;3;1;113/115, FELIX FAURE (BL;;;;930
201500039702;15;11;8;1410;1;2;2;1;6;1;x, COTTIN (PLACE);;;;930
201500039737;15;3;4;1530;1;2;1;1;1;5;29, LEFEVRE (BOULEVARD);;;;930
201500039742;15;3;23;1400;1;2;1;1;3;5;15, JACQUES DUCLOS [CD44;;;;930
201500039745;15;3;26;1150;1;2;1;2;6;5;25, ARTHUR CHEVALIER (RU;;;;930
201500039772;15;5;17;2135;5;2;1;1;3;5;59, PAUL CEZANNE (RUE);;;;930
201500039801;15;7;17;2000;1;2;1;1;5;5;ROSIERS (AVENUE DES);;;;930
201500039827;15;9;25;820;1;2;1;1;3;5;ANATOLE FRANCE (AVENUE);;;;930
201500039833;15;10;4;800;1;2;3;1;3;5;MAXIMILIEN ROBESPIERRE (;;;;930
201500039844;15;10;15;1500;1;2;1;1;3;5;JEAN CHARCOT [CD115] (RU;;;;930
201500039863;15;12;4;1930;5;2;1;1;3;5;63, JACQUES DUCLOS [CD44;;;;930
201500039880;15;2;9;1440;1;2;6;1;7;7;145, CHARLES FLOQUET (AV;;;;930
201500039888;15;3;2;1720;1;2;1;1;3;7;"88, ""DESCARTES (AVENUE """;;;;930
201500039937;15;9;10;2240;5;2;1;1;6;7;76, ARISTIDE BRIAND (AVE;;;;930
201500039993;15;5;11;1350;1;2;1;1;1;8;86, SEMARD (AVENUE PIERR;;;;930
201500040027;15;12;29;1450;1;2;1;1;3;8;4 UNION (RUE DE L');;;;930
201500040091;15;3;11;1320;1;2;6;1;3;10;000000000, BLUM (AV. LEO;;;;930
201500040116;15;6;20;1905;1;2;1;1;1;10;22, GUEUGNON (AV.);;;;930
201500040146;15;10;8;1430;1;2;9;1;3;10;27, QUATORZE-JUILLET (AV;;;;930
201500040151;15;10;21;900;1;2;2;1;3;10;VERDUN (AV. DE) 1 A 33;;;;930
201500040155;15;11;9;2350;5;2;1;1;2;10;60, GALLIENI (AV.) DE 17;;;;930
201500040182;15;12;22;1415;1;2;1;1;3;47;JEAN MOULIN  (RUE);;;;930
201500040193;15;3;17;1310;1;2;3;1;3;14;PIERRE SIMON (ALLEE);;;;930
201500040205;15;4;20;600;1;2;1;1;7;47;HARDY  (BOULEVARD);;;;930
201500040230;15;9;11;740;1;2;3;1;1;47;0, CALMETTE (RUE DU DR);;;;930
201500040297;15;6;4;1050;1;2;1;1;1;27;JAURES (AVENUE JEAN);;;;930
201500040303;15;6;25;1750;1;2;1;1;3;30;26, GUYNEMERS (RUE GEORG;;;;930
201500040325;15;9;14;1920;2;2;1;8;2;27;SALENGRO (AVENUE ROGER);;;;930
201500040358;15;12;10;1236;1;2;9;1;2;27;VAILLANT-COUTURIER (AVEN;;;;930
201500040365;15;2;4;2024;5;2;1;1;3;29;, CHARLES GIDE;;;;930
201500040381;15;4;21;1830;1;2;1;1;1;29;55, ANATOLE FRANCE;;;;930
201500040383;15;5;10;2140;5;2;4;1;1;29;195, MAURICE BERNARD;;;;930
201500040399;15;7;9;1045;1;2;2;1;1;29;10, EMILE DESPREZ;;;;930
201500040410;15;10;1;1815;2;2;1;1;2;29;1, GATEAU LAMBLIN;;;;930
201500040415;15;10;16;635;5;2;2;2;3;29;78, JEAN JAURES (AVENUE);;;;930
201500040424;15;11;10;1326;1;2;3;1;3;29;REPUBLIQUE (DE LA) N° 1-;;;;930
201500040427;15;12;19;925;1;2;3;1;3;29;BOIS D'AMOUR (AVENUE DU);;;;930
201500040433;15;1;26;1700;2;2;2;2;6;31;00, DIX HUIT JUIN 1940 (;;;;930
201500040440;15;2;20;1100;1;2;1;2;3;31;00, REPUBLIQUE (AVENUE);;;;930
201500040447;15;3;7;2340;5;2;1;1;2;31;00, REPUBLIQUE (AVENUE);;;;930
201500040493;15;8;21;2220;5;2;9;1;1;31;EGLISE (RUE DE L');;;;930
201500040615;15;7;3;1015;1;2;2;7;2;6;0, CAPSULERIE RUE DE LA;;;;930
201500040630;15;9;28;1730;1;2;1;1;6;61;PERI GABRIEL RUE;;;;930
201500040636;15;10;9;1615;1;2;1;1;3;6;36, GAL DE GAULLE AV. DU;;;;930
201500040677;15;1;30;2220;5;2;9;1;3;46;REPUBLIQUE AVENUE DE LA;;;;930
201500040732;15;7;16;2215;5;2;1;1;3;46;20, BERTHE ALLEE;;;;930
201500040744;15;9;6;920;1;2;1;1;3;46;15, CAMILLE DESMOULINS A;;;;930
201500040760;15;10;23;1640;1;2;1;1;2;46;02, FURSTENFELDBRUCK RUE;;;;930
201500040765;15;11;23;835;1;2;1;1;1;46;SULLY AVENUE;;;;930
201500040772;15;12;17;855;1;2;6;1;3;74;LATTRE DE TASSIGNY AVENU;;;;930
201500040778;15;9;8;1830;1;2;1;1;3;46;MARX DORMOY BOULEVARD;;;;930
201500040787;15;1;28;2045;3;2;1;2;3;48;14, MARE A L'ANE (RUE DE;;;;930
201500040796;15;3;11;850;1;2;1;1;6;48;28, ARISTIDE BRIAND (BOU;;;;930
201500040801;15;4;2;1540;1;2;3;3;3;48;CARNOT (RUE);;;;930
201500040812;15;5;19;810;1;2;1;1;6;48;ROUGET DE L'ISLE (BOULEV;;;;930
201500040841;15;9;20;2000;5;2;1;1;3;48;75, COLONEL FABIEN (AVEN;;;;930
201500040847;15;10;2;1645;1;2;1;1;3;48;68, PARIS (RUE DE);;;;930
201500040852;15;10;15;730;2;2;1;2;1;48;0, FERDINAND (AVENUE);;;;930
201500040872;15;11;26;1745;5;2;3;1;3;48;34, GAMBETTA (RUE);;;;930
201500040876;15;12;1;1415;1;2;1;1;3;48;40, RESISTANCE (AVENUE D;;;;930
201500040937;15;9;10;1730;1;2;1;1;3;50;05, LEON BLUM (AVENUE);;;;930
201500040968;15;2;13;845;1;2;1;1;6;51;144, PIERRE BROSSOLETTE;;;;930
201500040973;15;3;4;440;3;2;1;1;1;51;NEUILLY (ROUTE);;;;930
201500040999;15;8;18;1505;1;2;1;1;2;51;CHAMPY RICHARDETS (BOULE;;;;930
201500041003;15;9;6;1030;1;2;1;1;3;33;JOFFRE (AVENUE);;;;930
201500041018;15;10;14;1611;1;2;1;1;3;51;2, MARECHAL JUIN (AVENUE;;;;930
201500041020;15;10;15;2000;5;2;1;2;6;51;20, GLACIS (ALLEE);;;;930
201500041029;15;11;27;910;1;2;6;5;6;51;VICTOR BASCH (AVENUE);;;;930
201500041059;15;6;5;1425;1;2;1;1;3;53;51, VAILLANT COUTURIER (;;;;930
201500041104;15;2;24;2010;5;2;1;1;6;55;134, JEAN LOLIVE (AVENUE;;;;930
201500041120;15;6;25;1650;1;2;1;1;1;55;77, FAIDHERBE (AVENUE);;;;930
201500041124;15;7;15;1915;1;2;2;1;3;55;67, VICTOR HUGO (65/FIN;;;;930
201500041138;15;9;28;1120;1;2;1;1;3;55;1, ANATOLE FRANCE (AVENU;;;;930
201500041180;15;6;10;1220;1;2;1;1;3;62;22 BIS, THIERS (AVENUE);;;;930
201500041193;15;7;24;1945;1;2;2;1;3;77;TOUR (ALLEE DE LA);;;;930
201500041203;15;9;7;1200;1;2;1;1;3;62;18, LIVRY (AVENUE DE);;;;930
201500041218;15;11;17;1725;5;2;4;2;6;77;00, GALLIENI (AVENUE DU;;;;930
201500041240;15;7;28;1205;1;2;1;1;6;64;20, WALESA (AVENUE LECH);;;;930
201500041244;15;8;24;1755;1;2;1;3;6;64;00, MONTGOLFIER (RUE J E;;;;930
201500041270;15;1;28;1320;1;2;2;8;3;66;MITERRAND FRANCOIS (AVEN;;;;930
201500041314;15;5;2;1540;1;2;1;2;1;66;MONDIAL 98;;;;930
201500041333;15;5;30;2155;5;2;1;1;3;66;FRANCE ANATOLE (BOULEVAR;;;;930
201500041344;15;6;22;140;5;2;1;1;3;66;CARNOT (BOULEVARD);;;;930
201500041395;15;9;24;2115;5;2;1;2;3;66;RU DE MONTFORT (CHEMIN);;;;930
201500041405;15;10;13;1820;1;2;1;1;6;66;56bis CROISAT AMBROISE;;;;930
201500041419;15;11;1;430;5;2;1;1;6;66;FRANCE ANATOLE (BOULEVAR;;;;930
201500041423;15;11;5;1215;1;2;1;1;7;66;142, CASANOVA DANIELLE N;;;;930
201500041476;15;2;15;1645;1;2;1;1;3;70;05, GABRIEL-PERI (AV);;;;930
201500041479;15;3;8;1815;2;2;1;1;6;70;106, MICHELET (AVE) : DU;;;;930
201500041492;15;5;13;1935;1;2;1;1;2;70;VICTOR-HUGO (BD);;;;930
201500041505;15;6;17;1940;1;2;1;1;3;70;7, CLICHY (RUE DE);;;;930
201500041534;15;11;18;1610;1;2;1;1;2;70;1, ALBERT-DHALENNE (RUE);;;;930
201500041554;15;3;28;1907;1;2;3;1;3;71;0, JOHN F. KENNEDY (AVEN;;;;930
201500041561;15;5;1;2105;5;2;2;8;3;71;0, AULNAY (RUE D');;;;930
201500041582;15;8;5;2030;2;2;2;1;3;71;0, HENRI BARBUSSE (AVENU;;;;930
201500041608;15;3;16;1655;1;2;1;1;1;59;0, MARECHAL FOCH (AVENUE;;;;930
201500041631;15;9;9;1200;1;2;1;1;3;59;32, JEAN MERMOZ (BOULEVA;;;;930
201500041654;15;5;27;1745;1;2;3;1;3;59;88, JULES CHATENAY (RUE);;;;930
201500041659;15;1;23;1600;1;2;1;1;2;78;23, VAILLANT (AVENUE CHA;;;;930
201500041665;15;2;17;2000;5;2;1;1;3;73;BROSSOLETTE (RUE PIERRE);;;;930
201500041686;15;5;22;840;1;2;1;1;3;73;VAILLANT (BOULEVARD CHAR;;;;930
201500041716;15;9;5;1100;1;2;1;1;3;78;BALLANGER (BD ROBERT);;;;930
201500041725;15;10;9;1340;1;2;2;1;3;73;DIX NEUF MARS 62 (AVENUE;;;;930
201500041745;15;3;21;1100;1;2;3;8;3;2;VERDUN (R DE);;;;940
201500041748;15;4;13;1515;1;2;1;7;6;2;40, BLANQUI (QU);;;;940
201500041775;15;8;28;1230;1;2;1;1;6;2;Face au 28, VERON (R);;;;940
201500041782;15;9;30;1640;1;2;1;1;3;2;07, REVOLUTION (QU DE LA;;;;940
201500041783;15;10;2;1345;1;2;1;1;3;2;7, REVOLUTION (QU DE LA);;;;940
201500041784;15;10;3;1230;1;2;2;1;6;2;, GENERAL CHARLES DE GAU;;;;940
201500041787;15;10;15;700;5;2;1;2;2;2;GENERAL CHARLES DE GAULL;;;;940
201500041810;15;1;11;1200;1;2;2;1;6;71;QUEUE EN BRIE (RTE DE LA;;;;940
201500041816;15;1;7;855;1;2;6;5;7;71;WINSTON CHURCHILL (R);;;;940
201500041825;15;11;23;1345;1;2;2;1;3;75;13, HENRI DUNANT (R);;;;940
201500041855;15;3;3;1345;1;2;3;1;3;71;BOISSY (R DE);;;;940
201500041904;15;6;4;1820;1;2;1;1;1;75;5, JEAN MOULIN (R);;;;940
201500041920;15;3;10;1725;1;2;6;1;7;44;VALENTON (AV DE);;;;940
201500041949;15;9;19;1600;1;2;2;1;3;71;ROOSEVELT/LIBERTE;;;;940
201500041976;15;2;4;750;1;2;6;1;2;17;HENRI-MARIE LE BOURSICAU;;;;940
201500042014;15;5;11;855;1;2;2;1;6;17;1, PARC (AV DU);;;;940
201500042023;15;6;11;900;1;2;2;1;2;17;MOQUET/FOURNY;;;;940
201500042024;15;6;13;1400;1;2;1;1;6;17;18, AV DE COEUILLY;;;;940
201500042028;15;6;18;730;1;2;1;1;1;17;145, GALLIENI (QU);;;;940
201500042046;15;8;5;1500;1;2;1;1;3;17;ROGER SALENGRO (AV);;;;940
201500042077;15;11;28;1030;1;2;1;1;3;17;CHARLES DE GAULLE (VLA);;;;940
201500042080;15;11;30;1615;1;2;1;1;3;17;DOCTEUR ROUX (R DU);;;;940
201500042082;15;12;8;1205;1;2;2;1;3;17;01, CHARLES BAUDIN (AV);;;;940
201500042100;15;3;20;1900;5;2;3;1;3;69;107, GRAVELLE (AV DE);;;;940
201500042211;15;9;26;1450;1;2;2;1;2;79;COMBAULT (RTE DE);;;;940
201500042217;15;10;6;1730;1;2;6;2;3;79;JEAN MONNET (BD);;;;940
201500042238;15;12;18;750;5;2;1;8;2;19;LIBERATION (RTE DE LA);;;;940
201500042281;15;10;2;808;1;2;1;1;3;22;ALFORTVILLE (AV D);;;;940
201500042331;15;4;14;1450;1;2;3;1;3;22;ANATOLE FRANCE (AV);;;;940
201500042334;15;12;15;1640;1;2;1;2;3;22;FERNAND PELLOUTIER (ALL);;;;940
201500042335;15;4;17;1600;1;2;1;1;3;22;ALFORTVILLE (AV D);;;;940
201500042344;15;8;31;1855;1;2;1;1;3;54;MARCEL CACHIN (AV);;;;940
201500042348;15;1;16;1730;1;2;1;1;3;28;0, VERDUN.(AVENUE DE);;;;940
201500042392;15;4;23;1600;1;2;1;1;3;28;0, PRAIRIE(RUE DE LA);;;;940
201500042395;15;4;27;1635;1;2;1;1;6;28;0, FRANCE LIBRE(AVENUE D;;;;940
201500042433;15;7;1;1750;1;2;3;1;6;28;0, KENNEDY.(BOULEVARD JO;;;;940
201500042450;15;7;29;1200;1;2;1;1;3;28;00, BILLOTTE.(AVE DU GAL;;;;940
201500042457;15;8;19;1900;1;2;1;1;6;28;8, COTONOU.(RUE DE);;;;940
201500042464;15;9;5;1730;1;2;1;1;1;11;NC, BOUGLIONE(RUE);;;;940
201500042474;15;9;21;1348;1;2;1;1;2;28;0, KENNEDY.(BOULEVARD JO;;;;940
201500042512;15;12;2;1315;1;2;1;1;3;11;00, BOUGLIONE(RUE);;;;940
201500042537;15;1;28;800;1;2;1;2;2;33;85, REPUBLIQUE (AV DE LA;;;;940
201500042556;15;6;19;1900;1;2;1;1;1;33;CHARLES GARCIA (AV);;;;940
201500042557;15;6;26;1924;1;2;1;1;3;33;13, PRESIDENT ROOSEVELT;;;;940
201500042561;15;7;28;2200;2;2;6;2;3;33;STALINGRAD (AV DE);;;;940
201500042563;15;8;19;1835;1;2;6;1;2;33;GENERAL DE GAULLE (PL DU;;;;940
201500042564;15;9;1;930;1;2;1;2;3;33;13, PRESIDENT ROOSEVELT;;;;940
201500042566;15;9;9;2105;3;2;1;1;3;33;MARECHAL JOFFRE (AV DU);;;;940
201500042610;15;2;11;750;2;2;3;1;3;16;23, CARNOT (AV);;;;940
201500042638;15;4;7;1310;1;2;1;1;3;43;24, FONTAINEBLEAU (AV DE;;;;940
201500042641;15;4;9;1925;1;2;1;1;3;43;FONTAINEBLEAU (AV DE);;;;940
201500042686;15;6;21;1900;1;2;1;1;3;76;22, KARL LIEBNECHT (SEN);;;;940
201500042719;15;9;8;1500;1;2;1;1;3;76;PARIS (AV DE);;;;940
201500042755;15;10;27;1800;5;2;3;1;1;16;29, ARISTIDE BRIAND (AV);;;;940
201500042758;15;11;5;1145;1;2;2;1;3;43;19, CONVENTION (R DE LA);;;;940
201500042764;15;11;20;1930;5;2;1;2;3;76;60, STALINGRAD (AV DE);;;;940
201500042798;15;1;6;750;2;2;1;2;3;21;., MONTPELLIERS (RUE DE);;;;940
201500042803;15;1;13;1300;1;2;1;2;6;73;38, HELENE MULLER (R);;;;940
201500042871;15;5;29;1755;1;2;3;1;3;73;., HENRI DUNANT (R);;;;940
201500042879;15;6;11;1555;1;2;9;1;3;21;45, FRANKLIN ROOSEVELT (;;;;940
201500042881;15;6;12;825;1;2;1;1;3;21;PETIT LEROY (R DU);;;;940
201500042883;15;6;12;1815;1;2;1;1;3;21;125, JEAN MERMOZ (BD);;;;940
201500042898;15;7;5;1100;1;2;1;1;4;65;., CIRCULAIRE (boulevard;;;;940
201500042908;15;7;31;1240;1;2;1;1;3;38;107, PAUL VAILLANT COUTU;;;;940
201500042911;15;8;13;1855;1;2;3;3;3;73;., VERSAILLES (AV DE);;;;940
201500042912;15;8;17;1130;1;2;3;1;3;21;., GEORGES GUYNEMER (AV);;;;940
201500042914;15;8;21;1040;1;2;9;1;2;38;., LARROUMES (AV);;;;940
201500042932;15;9;10;1455;1;2;1;1;3;73;., ALOUETTES (R DES);;;;940
201500042957;15;11;5;1235;1;2;1;1;7;38;157, FLOUQUET (AV);;;;940
201500042961;15;11;13;1300;1;2;1;2;2;73;9, R GUSTAVE LEVEILLE;;;;940
201500042998;15;8;28;1800;1;2;9;1;6;41;GEORGES GOSNAT (AV);;;;940
201500043002;15;9;2;2045;5;2;9;1;6;41;72, VERDUN (AV DE);;;;940
201500043009;15;2;10;1305;1;2;2;8;3;41;, GEORGES GOSNAT (AV);;;;940
201500043016;15;9;21;1610;1;2;1;1;6;41;39, MARAT (R);;;;940
201500043021;15;5;21;735;1;2;1;1;3;41;113, AV DE VERDUN;M;4881100.0;237186.0;940
201500043023;15;3;4;915;1;2;1;1;6;41;70, GEORGES GOSNAT (AV);;;;940
201500043040;15;11;13;2300;5;2;1;1;1;41;02, GASTON CORNAVIN (R);;;;940
201500043041;15;4;9;915;1;2;1;1;6;41;, VERDUN (AV DE);;;;940
201500043043;15;8;6;2015;1;2;1;1;1;41;GEORGES GOSNAT (AV);;;;940
201500043047;15;4;14;1720;1;2;1;1;6;41;31/33, JULES VANZUPPE (R;;;;940
201500043071;15;6;19;1325;1;2;1;1;3;41;15, WESTERMEYER (R);;;;940
201500043107;15;3;5;830;1;2;2;1;6;46;., JEAN JAURES (R);;;;940
201500043129;15;12;4;750;1;2;1;1;6;46;., MARC SANGNIER (R);;;;940
201500043133;15;5;9;1450;1;2;2;1;5;46;., GAMBETTA (AV);;;;940
201500043134;15;3;6;1630;1;2;3;1;3;46;GENERAL LECLERC (AV DU);;;;940
201500043142;15;4;1;1240;1;2;1;1;3;46;33, PROFESSEUR CADIOT (A;;;;940
201500043153;15;6;30;1315;1;2;9;1;7;46;87, GAMBETTA (AV);;;;940
201500043163;15;6;24;955;1;2;1;1;3;52;31 bis, STRASBOURG (BD D;;;;940
201500043179;15;2;3;1030;1;2;5;1;2;15;PASTEUR (BD);;;;940
201500043183;15;2;4;1100;1;2;1;1;3;52;2, GAMBETTA (BD);;;;940
201500043185;15;8;4;1920;1;2;1;1;1;15;06 bis, RIGNY (AV DE);;;;940
201500043189;15;3;3;750;1;2;1;1;2;15;2, PASTEUR (BD);;;;940
201500043201;15;9;6;1430;1;1;1;1;6;42;3, POLANGIS (QU DE);;;;940
201500043207;15;9;13;2045;5;2;4;1;2;52;DE GAULLE/GALBRUN;;;;940
201500043255;15;5;25;1755;1;2;3;1;3;58;75, GABRIEL PERI (AV);;;;940
201500043256;15;5;26;1820;1;2;1;1;6;52;39, CHARLES DE GAULLE (G;;;;940
201500043259;15;11;22;1255;1;2;2;1;1;58;face au 13, BORDS DE MAR;;;;940
201500043266;15;12;1;2145;5;2;1;1;1;42;6 bis, JEAN MERMOZ (R);;;;940
201500043279;15;6;15;2210;5;2;1;1;2;58;162, PIERRE BROSSOLETTE;;;;940
201500043303;15;2;17;1540;1;2;1;1;2;68;121, CHAMPIGNY (BD DE);;;;940
201500043304;15;2;23;1150;1;2;1;1;3;68;LOUIS BLANC (AV);;;;940
201500043317;15;4;4;1125;1;2;1;1;3;68;12, MARRONNIERS (PL DES);;;;940
201500043330;15;5;27;1025;1;2;2;1;3;68;FOCH (AV);;;;940
201500043333;15;6;2;1800;1;2;2;1;6;68;CONDE (AV DE);;;;940
201500043337;15;6;13;1430;1;2;2;1;3;68;CRETEIL (BD DE);;;;940
201500043340;15;6;28;1650;1;2;1;1;3;68;30, SAINT HILAIRE (R);;;;940
201500043341;15;6;29;1940;1;2;2;1;3;68;36, BELLECHASSE (BD DE);;;;940
201500043346;15;7;18;830;1;2;2;1;3;68;FOCH (AV);;;;940
201500043348;15;7;22;1415;1;2;1;1;2;68;GAMBETTA (AV);;;;940
201500043353;15;7;29;1815;1;2;1;1;7;68;56, SEVIGNE (R DE);;;;940
201500043377;15;10;25;1230;1;2;1;1;6;68;5, MARRONNIERS (AV DES);;;;940
201500043397;15;12;21;1225;1;2;1;1;2;68;GARE DE CHAMPIGNY (PL DE;;;;940
201500043472;15;4;2;1545;1;2;1;3;7;77;19, MARECHAL LYAUTEY (R;;;;940
201500043493;15;5;11;2015;1;2;2;1;3;77;HUIT MAI 1945 (R DU);;;;940
201500043500;15;6;1;804;1;2;1;1;3;78;6, SAINT EXUPERY (R);;;;940
201500043513;15;7;3;930;1;2;1;1;3;74;173, DIVISION GENERAL LE;;;;940
201500043521;15;7;31;740;1;2;1;1;1;77;1, HAUTE SEINE (R DE LA);;;;940
201500043545;15;9;22;1530;1;2;1;1;6;74;., JULIEN DURANTON (aven;;;;940
201500043550;15;10;5;1425;1;2;1;3;6;74;173, DIVISION GENERAL LE;;;;940
201500043557;15;10;26;850;1;2;4;1;1;74;., CHAMP SAINT-JULIEN (A;;;;940
201500043579;15;1;21;1540;1;2;2;1;3;80;., REPUBLIQUE (AV DE LA);;;;940
201500043585;15;3;18;1905;3;2;1;1;2;67;0, PARIS (av. de);;;;940
201500043587;15;4;7;925;1;2;1;1;3;80;., LAGNY (R DE);;;;940
201500043588;15;4;13;1500;1;2;1;1;3;80;106, FONTENAY (R DE);;;;940
201500043591;15;5;11;1920;1;2;1;1;2;80;., NOGENT (AV DE);;;;940
201500043598;15;6;17;1525;1;2;1;1;1;67;13, ALOUETTE (R DE L);;;;940
201500043599;15;6;19;1700;1;2;1;1;2;80;21, VICTOR BASCH (R);;;;940
201500043603;15;7;9;1915;1;2;1;1;2;80;., MARIGNY (COUR);;;;940
201500043604;15;6;28;1220;1;2;3;1;3;80;., MEUNIERS (R DES);;;;940
201500043610;15;9;1;1835;1;2;1;1;6;80;MIDI (R DU);;;;940
201500043632;15;12;1;1755;5;2;4;1;2;67;GENERAL DE GAULLE (AV DU;;;;940
201500043637;15;12;12;2010;5;2;3;1;1;67;LAGNY (R DE);;;;940
201500043642;15;12;29;1015;1;2;3;1;3;80;DE GAULLE/MINIMES;;;;940
201500043652;15;1;28;805;3;2;3;1;3;81;A, PRES (R DES);;;;940
201500043654;15;1;29;2100;5;2;1;2;2;81;18, MOULIN DE SAQUET (AV;;;;940
201500043701;15;5;23;1645;1;2;1;1;6;81;36, LOUISE AGLAE CRETTE;;;;940
201500043727;15;7;12;2110;2;2;1;1;6;81;68, MOULIN DE SAQUET (AV;;;;940
201500043810;15;4;27;1650;1;2;1;1;6;176;R SAINT MARTIN;M;4897850.0;220450.0;950
201500043811;15;2;7;1450;1;2;4;1;3;18;BD GENERAL LECLERC;M;4893590.0;222640.0;950
201500043818;15;5;6;1400;1;2;2;1;6;176;R DE SAINT-GERMAIN;M;4896690.0;219370.0;950
201500043830;15;5;27;1651;1;2;1;1;3;18;R DES  DESERTS;M;4895160.0;227940.0;950
201500043841;15;6;20;2324;4;2;1;1;3;18;RTE DE CORMEILLES;M;4895830.0;222840.0;950
201500043870;15;9;14;1245;1;2;1;1;3;18;R DANIELE CASANOVA;M;4893030.0;222760.0;950