Num_Acc;an;mois;jour;hrmn;lum;agg;int;atm;col;com;adr;gps;lat;long;dep
201500043914;15;12;13;2127;3;1;1;1;2;18;RTE DE CORMEILLES;M;4896350.0;221420.0;950
201500043950;15;2;26;1625;1;2;6;3;3;183;RD POINT DU MIROIR;M;4904440.0;200610.0;950
201500043953;15;4;29;2230;5;2;6;2;3;572;AV DE PARIS;M;4903520.0;212280.0;950
201500043954;15;5;2;1734;1;2;3;2;3;572;R D'EPLUCHES;M;4905360.0;211850.0;950
201500043965;15;8;1;1630;1;2;1;1;2;500;RUE EMILE ZOLA;M;4905610.0;208330.0;950
201500043970;15;9;2;1235;1;2;1;1;3;637;AV BORIS VIAN;M;4903240.0;201569.0;950
201500043973;15;9;19;1810;1;2;4;1;6;572;AV GENERAL DE GAULLE;M;4904330.0;210790.0;950
201500043974;15;10;3;1335;1;2;1;1;3;127;AV DES GENOTTES;M;4904970.0;203710.0;950
201500043975;15;10;17;1520;1;2;6;1;3;127;RD POINT DU CHENE;M;4904710.0;202220.0;950
201500043978;15;11;9;1900;5;2;6;1;3;127;BD DE L'HAUTIL;M;4903470.0;208280.0;950
201500044019;15;12;4;1005;1;2;4;1;3;288;R DU DOCTEUR GOLDSTEIN;M;4898940.0;235690.0;950
201500044041;15;6;12;730;1;2;1;1;3;555;RTE DE SAINT GRATIEN;M;4896010.0;227990.0;950
201500044054;15;9;23;1620;1;1;1;1;6;210;R DU GENERAL DE GAULLE;M;4896990.0;230610.0;950
201500044058;15;10;13;820;1;2;1;1;2;598;R DU DOCTEUR SCHWEITZER;M;4899520.0;230270.0;950
201500044064;15;11;5;1620;1;2;1;1;3;428;AV  CHARLES DE GAULLE;M;4898160.0;232130.0;950
201500044067;15;11;12;805;5;2;1;1;3;428;R PERQUEL;M;4897560.0;231420.0;950
201500044076;15;3;8;2025;5;2;3;1;3;252;R MAURICE DALESME;M;4899230.0;223740.0;950
201500044082;15;3;24;1220;1;2;2;1;3;252;CHE DE LA MARE EPINEUSE;M;4899130.0;220640.0;950
201500044086;15;2;2;1840;5;2;6;1;3;219;R JEAN JAURES;M;4898020.0;226210.0;950
201500044088;15;2;3;915;1;2;3;1;3;219;R NOEL SEYSEN;M;4898010.0;225740.0;950
201500044095;15;5;19;820;1;2;1;1;3;426;R DE LA  TOUR;M;4900690.0;227960.0;950
201500044103;15;6;9;1230;1;2;6;1;3;219;PL ROBERT BICHET;M;4898910.0;225860.0;950
201500044111;15;7;2;1350;1;2;2;1;3;491;AV  VIVIANI;M;4900090.0;224210.0;950
201500044117;15;8;1;940;1;2;1;1;3;491;R GABRIEL PERI;M;4900030.0;224170.0;950
201500044125;15;9;6;2015;1;2;1;1;1;219;RTE DE SAINT LEU;M;4899660.0;225470.0;950
201500044126;15;9;7;1155;1;2;1;1;3;203;RTE DE SAINT LEU;M;4899570.0;227350.0;950
201500044134;15;10;15;1410;1;2;1;8;3;252;R DE LA STATION;M;4899410.0;223690.0;950
201500044137;15;10;18;1800;1;2;6;1;3;203;RTE DE SAINT LEU;M;4899490.0;227540.0;950
201500044138;15;9;21;1615;1;2;1;1;2;426;R DE PARIS;M;4901310.0;228620.0;950
201500044139;15;10;29;1140;1;2;1;1;2;219;R JEAN JAURES;M;4898240.0;226110.0;950
201500044140;15;11;5;1010;1;2;1;1;3;203;RTE DE  MONTLIGNON;M;4899560.0;227610.0;950
201500044142;15;11;6;1640;1;2;3;2;3;203;R TARBE DES SABLONS;M;4899390.0;227360.0;950
201500044145;15;11;12;2030;5;2;1;1;2;219;R DU STAND;M;4899590.0;225350.0;950
201500044194;15;8;17;2215;5;2;3;1;3;280;R DE  BIR HAKEIM;M;4903240.0;247190.0;950
201500044195;15;9;12;2125;3;2;6;2;3;19;AV PIERRE CURIE;M;4898560.0;242390.0;950
201500044210;15;4;8;1600;1;2;2;1;3;280;R JACQUES POTEL;M;4903130.0;247460.0;950
201500044312;15;5;22;1755;1;2;1;1;7;539;AV DIVISION LECLERC;M;4899560.0;234410.0;950
201500044339;15;9;26;2040;5;2;1;1;6;585;BD SALVADOR ALLENDE;M;4897870.0;239290.0;950
201500044363;15;10;16;1545;1;2;1;2;3;585;R JEAN JACQUES ROUSSEAU;M;4899520.0;238420.0;950
201500044371;15;6;30;1020;1;2;4;1;3;60;AV DE LA REPUBLIQUE;M;4904240.0;220740.0;950
201500044384;15;5;24;1200;1;2;2;1;3;607;R DE BEAUCHAMP;M;4902540.0;221370.0;950
201500044433;15;11;9;1745;2;2;1;1;6;4;., SEBASTIANU COSTA BD;M;4193968.0;874336.0;201
201500044441;15;1;17;1720;5;2;1;1;6;381;8, JOSEPH SERLIN;M;4577500.0;483717.0;690
201500045070;15;1;8;645;3;1;1;2;6;78;AUTOROUTE A86;;;;920
201500045167;15;2;8;240;3;1;1;1;7;6;AUTOROUTE A3;M;4886460.0;241233.0;930
201500045186;15;2;14;1330;1;1;1;2;6;18;A 9015 2;;;;950
201500045967;15;10;20;2130;3;1;1;1;5;365;RN 104;;;;950
201500045990;15;10;28;1035;1;1;1;1;5;212;AUTOROUTE A1;;;;950
201500046100;15;11;16;840;1;1;1;1;2;582;BD INTERCOMMUNAL PARISIS;M;4896820.0;227430.0;950
201500046249;15;2;9;732;5;1;1;1;2;50;A14;;;;920
201500046650;15;9;23;1709;1;1;1;1;3;25;A86;;;;920
201500046758;15;11;10;1015;1;1;1;1;6;64;N118;;;;920
201500046835;15;12;17;800;2;1;1;1;4;36;A86;;;;920
201500046940;15;2;12;1615;1;1;1;1;5;573;RN 104;;;;910
201500047658;15;4;10;2215;5;2;1;1;3;33;263, AV DE LA LIBERATION;M;0.0;0.0;202
201500047715;15;7;3;1210;1;2;1;1;1;120;RN 193;M;4237256.0;926121.0;202
201500047759;15;10;9;1350;1;2;1;1;3;33;ROUTE ROYALE;M;4267736.0;943397.0;202
201500047804;15;3;20;220;5;2;2;1;3;34;1, BOUCLE (DE LA);M;4578120.0;484243.0;690
201500047809;15;3;20;1550;1;2;1;1;3;382;12, MARECHAL JOFFRE (DU);M;4575430.0;483051.0;690
201500047810;15;3;10;1110;1;2;1;1;3;382;50, COURS CHARLEMAGNE;;;;690
201500047816;15;3;22;1440;1;2;1;1;3;142;LIBERATION (DE LA);M;4572760.0;481617.0;690
201500047828;15;3;30;700;2;1;1;2;3;389;36, SERGENT MICHEL BERTH;;;;690
201500047845;15;4;8;1200;1;2;3;1;3;382;3, CELESTINS (DES);;;;690
201500047872;15;4;30;1550;1;2;9;1;6;149;41, YZERON (DE L');M;4572030.0;480092.0;690
201500047887;15;5;11;1615;1;1;1;1;6;382;8, BELLECOUR;;;;690
201500047896;15;5;16;1530;1;2;1;1;2;389;84, BARTHELEMY BUYER;;;;690
201500047897;15;5;17;55;5;2;1;1;3;382;100, CHARLEMAGNE;M;0.0;0.0;690
201500047902;15;5;20;1325;1;1;1;1;7;202;FONDS (DES);M;4574120.0;478842.0;690
201500047904;15;5;20;1215;1;2;1;1;1;381;1, LUCIEN SPORTISSE;M;4577034.0;482995.0;690
201500047909;15;5;22;1410;1;2;1;1;6;382;7, BELLECOUR;M;0.0;0.0;690
201500047912;15;5;24;1720;1;2;1;1;1;149;101, EMILE ZOLA;M;4571970.0;480081.0;690
201500047915;15;5;26;1325;1;2;1;1;3;149;27, DIDEROT;M;4571320.0;480908.0;690
201500047921;15;5;28;1215;1;2;1;1;6;34;36, PASTEUR;M;4578840.0;483983.0;690
201500047925;15;5;30;1530;1;2;1;1;6;389;SERGENT MICHEL BERTHET (;M;0.0;0.0;690
201500047927;15;6;2;950;1;2;1;1;2;389;17, TUILERIES (DES);;;;690
201500047928;15;6;2;1420;1;2;1;1;3;389;62, PIERRE AUDRY;M;0.0;0.0;690
201500047948;15;6;11;1834;1;2;3;1;3;286;ROUTE DE STRASBOURG D 48;M;4582030.0;489547.0;690
201500047952;15;6;13;1000;1;2;1;1;3;149;23, GENERAL DE GAULLE;M;4571670.0;479017.0;690
201500047953;15;6;10;730;1;2;1;1;3;34;3, ST CLAIR (DE);M;4578620.0;484894.0;690
201500047954;15;6;10;800;1;2;1;1;3;381;22, ST VINCENT;M;4577290.0;483080.0;690
201500047958;15;6;13;2215;5;2;7;3;6;381;LOUIS PRADEL;;;;690
201500047968;15;6;24;1134;1;2;3;1;1;389;RHIN ET DANUBE;;;;690
201500047970;15;6;23;1945;2;2;1;1;1;384;CLOS SAVARON;M;4578340.0;482016.0;690
201500048004;15;7;18;2035;1;2;9;1;6;385;19, BOMBARDE (DE LA);M;0.0;0.0;690
201500048011;15;7;21;810;1;2;1;1;3;152;12, EUROPE (DE L');M;4570590.0;482100.0;690
201500048017;15;7;23;840;1;2;1;1;3;149;72, PIERRE SEMARD;M;4571810.0;481683.0;690
201500048032;15;8;4;750;1;2;1;1;3;389;60, DOCKS (DES);;;;690
201500048042;15;8;7;930;1;2;1;1;3;382;PLAT (DU);;;;690
201500048053;15;8;25;730;1;2;1;1;7;385;61, PIERRE SCIZE;M;4576706.0;482144.0;690
201500048056;15;8;26;1605;1;2;1;1;6;34;GEORGES CLEMENCEAU;M;4579145.0;482303.0;690
201500048059;15;8;22;1700;1;1;1;1;6;382;14, VERDUN PERRACHE;M;4574937.0;482757.0;690
201500048062;15;8;30;1130;1;2;6;1;3;202;PRES (DES);;;;690
201500048066;15;9;5;1215;1;2;3;1;3;385;64, POINT DU JOUR (DU);M;4575639.0;479769.0;690
201500048067;15;9;6;1050;1;2;2;1;6;389;ST CYR (DE);M;0.0;0.0;690
201500048075;15;9;11;2100;5;2;2;1;3;382;CHARITE (DE LA);;;;690
201500048078;15;9;15;1625;1;2;1;1;6;385;31, CHEMIN NEUF (DU);M;0.0;0.0;690
201500048087;15;9;23;1000;1;2;1;1;6;385;8, FAVORITE (DE LA );M;4575803.0;481229.0;690
201500048106;15;10;1;655;2;2;3;1;3;389;89, MARIETTON;M;4577960.0;479894.0;690
201500048109;15;10;1;1210;1;2;1;1;6;385;2, CHEMIN NEUF (DU);M;4577570.0;480412.0;690
201500048113;15;10;1;1940;1;2;2;1;3;382;CHARLEMAGNE;M;0.0;0.0;690
201500048145;15;10;29;1135;1;2;1;1;3;382;GALLIENI;M;0.0;0.0;690
201500048163;15;11;8;1350;1;2;1;1;6;34;MONTESSUY (DE);M;4579122.0;484080.0;690
201500048172;15;11;10;1820;5;2;1;1;6;389;36, MARIETTON;M;0.0;0.0;690
201500048180;15;11;16;1240;1;2;1;1;6;384;DENFERT ROCHEREAU;;;;690
201500048185;15;11;19;1550;1;2;1;1;5;202;28, MONTRAY (DE);;;;690
201500048200;15;11;26;720;1;2;3;1;3;81;FRANKLIN ROOSEVELT;;;;690
201500048206;15;11;27;1840;5;2;5;1;1;81;2, RAYMOND DE VEYSSIERES;M;4577347.0;478286.0;690
201500048212;15;12;3;820;1;2;1;1;6;382;VERDUN RECAMIER;M;0.0;0.0;690
201500048222;15;12;11;900;1;2;3;1;3;389;TISSOT;M;4577400.0;479675.0;690
201500048226;15;12;13;1415;1;2;3;1;1;381;2, JEAN MOULIN;;;;690
201500048234;15;12;17;1330;1;2;1;1;2;389;65, ST CYR (DE);M;0.0;0.0;690
201500048238;15;12;19;1555;1;2;3;1;6;382;69, PRESIDENT EDOUARD HE;M;0.0;0.0;690
201500048418;15;12;30;1825;5;2;1;1;6;386;MARECHAL LYAUTEY (DU);;;;690
201500048421;15;1;6;1850;5;2;2;5;3;386;0, RUE DUQUESNE;;;;690
201500048426;15;12;31;1130;1;2;1;1;3;388;42, FRERES LUMIERE (DES);M;0.0;0.0;690
201500048427;15;1;9;1205;1;2;2;1;3;383;0, AVENUE LACASSAGNE;M;4574580.0;488029.0;690
201500048428;15;1;12;1400;1;2;2;1;3;386;RUE DE CREQUI;M;4577210.0;484463.0;690
201500048431;15;1;7;1700;5;2;1;1;2;383;PONT DE LA GUILLOTIERE;;;;690
201500048439;15;1;20;1205;1;2;2;1;3;383;0, RUE DUGUESCLIN;M;4575270.0;484262.0;690
201500048449;15;4;2;1045;1;2;1;8;6;387;17, CLAUDE BERNARD;M;4575230.0;483626.0;690
201500048452;15;1;16;1820;2;2;2;3;3;383;1, RUE DE LA VILLETTE;M;4575440.0;485275.0;690
201500048454;15;1;22;2135;5;2;2;1;3;383;1, RUE FEUILLAT;M;4575220.0;487465.0;690
201500048456;15;1;27;1415;1;2;1;1;6;383;AVENUE FELIX FAURE;M;4575440.0;485275.0;690
201500048458;15;2;1;2200;5;2;1;2;2;383;198, AVENUE FELIX FAURE;;;;690
201500048472;15;4;7;1950;1;2;6;1;3;388;EDMOND MICHELET;;;;690
201500048476;15;4;8;855;1;2;1;1;6;386;13, JULIETTE RECAMIER;;;;690
201500048487;15;2;24;815;1;2;1;1;6;383;31, RUE DE LA BALME;;;;690
201500048492;15;4;14;1850;1;2;1;1;3;383;149, MARECHAL DE SAXE;M;4575270.0;484262.0;690
201500048498;15;4;15;1610;1;2;1;1;2;383;257, CREQUI (DE);M;0.0;0.0;690
201500048505;15;3;5;1050;1;2;2;1;3;386;0, RUE CUVIER;;;;690
201500048524;15;4;22;1540;1;2;3;1;1;388;1, ST NESTOR;M;4573780.0;487195.0;690
201500048526;15;3;24;1200;1;2;1;1;6;383;144, COURS GAMBETTA;;;;690
201500048528;15;4;22;1150;1;2;2;1;3;388;1, PAUL SANTY;M;0.0;0.0;690
201500048531;15;4;23;1825;1;2;3;7;3;383;DAUPHINE (DU);;;;690
201500048532;15;3;18;1740;1;2;1;1;3;259;1, PIERRE COT;;;;690
201500048539;15;4;27;2030;2;2;2;1;3;383;1, GARIBALDI;;;;690
201500048540;15;4;28;1025;1;2;1;1;2;387;TCHECOSLOVAQUES (DES);M;0.0;0.0;690
201500048541;15;4;28;1540;1;2;2;1;3;387;156, YVES FARGES;M;4572850.0;482183.0;690
201500048546;15;12;17;2000;5;2;1;1;5;387;UNIVERSITE (DE L');;;;690
201500048557;15;5;5;2020;1;2;2;1;3;386;., LAFAYETTE;;;;690
201500048563;15;5;6;1235;1;2;1;1;1;387;7, BEGUIN (DU);M;0.0;0.0;690
201500048568;15;5;9;1255;1;2;9;1;3;383;GAMBETTA;M;0.0;0.0;690
201500048571;15;5;12;735;1;2;1;1;3;387;120, YVES FARGES;M;0.0;0.0;690
201500048574;15;5;13;1750;1;2;1;1;6;383;31, GAMBETTA;;;;690
201500048578;15;5;15;720;1;2;1;1;3;388;MARYSE BASTIE;M;0.0;0.0;690
201500048579;15;5;15;1435;1;2;2;2;3;386;96, GARIBALDI;;;;690
201500048581;15;5;16;1430;1;2;2;1;3;259;., MARCEL CACHIN;;;;690
201500048587;15;5;19;1130;1;2;2;1;3;387;., UNIVERSITE (DE L');M;4575340.0;483678.0;690
201500048590;15;5;19;1410;1;2;1;1;2;259;., JULES GUESDE;M;4571890.0;488725.0;690
201500048593;15;5;20;1725;1;2;3;1;3;387;., ST JEAN DE DIEU;M;0.0;0.0;690
201500048612;15;5;30;1;5;2;1;1;2;383;19, VICTOR AUGAGNEUR;M;0.0;0.0;690
201500048627;15;6;8;1910;1;2;1;1;3;388;40, HENRI BARBUSSE;M;0.0;0.0;690
201500048629;15;6;9;1725;1;2;1;1;3;383;45, MARIUS VIVIER MERLE;;;;690
201500048630;15;6;9;1830;1;2;1;1;3;383;160, LAFAYETTE;M;4575320.0;484210.0;690
201500048636;15;6;12;1825;1;2;2;2;3;386;., DUGUESCLIN;;;;690
201500048640;15;6;16;930;1;2;2;1;3;387;24, ANDRE BOLLIER;M;4573550.0;482963.0;690
201500048649;15;6;22;1430;1;2;3;1;3;383;17, ST ANTOINE;;;;690
201500048650;15;6;23;1125;1;2;1;1;3;383;79, MARIUS VIVIER MERLE;M;4575940.0;485119.0;690
201500048651;15;6;23;1700;1;1;4;1;3;387;., JEAN JAURES;M;4573810.0;483021.0;690
201500048652;15;6;23;1820;1;2;1;1;1;387;10, GAMBETTA;;;;690
201500048654;15;6;24;1555;1;2;1;1;3;387;14, GAMBETTA;;;;690
201500048656;15;6;24;2050;2;2;1;1;1;388;24, HENRI BARBUSSE;M;0.0;0.0;690
201500048659;15;6;26;1906;1;2;2;1;6;386;CREQUI (DE);;;;690
201500048662;15;6;27;643;5;2;3;1;1;386;., LAFAYETTE;;;;690
201500048671;15;7;2;855;1;2;1;1;3;383;GEORGES POMPIDOU;;;;690
201500048672;15;7;2;1050;1;2;1;1;3;259;300, VIENNE (DE);;;;690
201500048677;15;7;3;1210;1;2;1;1;6;386;60, VAUBAN;;;;690
201500048678;15;7;3;1830;1;2;3;7;3;387;1, CLAUDE BERNARD;M;0.0;0.0;690
201500048688;15;7;8;950;1;2;1;1;1;386;16, GENERAL SARRAIL (DU);;;;690
201500048691;15;7;8;1815;1;1;1;1;1;383;301, LAFAYETTE;;;;690
201500048698;15;7;9;2115;2;2;1;1;1;388;., EPARGNE (DE L');;;;690
201500048701;15;7;11;750;1;2;2;1;3;383;VENDOME;M;0.0;0.0;690
201500048703;15;7;15;905;1;2;2;1;3;383;230, ANDRE PHILIP;M;0.0;0.0;690
201500048704;15;7;15;2300;5;2;2;1;3;388;15, JACQUELINE AURIOL;M;0.0;0.0;690
201500048705;15;7;16;1630;1;2;2;1;3;383;GAMBETTA;M;0.0;0.0;690
201500048711;15;7;20;745;1;2;3;1;3;383;VICTOR AUGAGNEUR;;;;690
201500048714;15;7;21;818;1;2;2;1;3;383;., BELLECOMBE (DE);;;;690
201500048715;15;7;21;2228;5;2;1;1;3;387;4, GAMBETTA;M;0.0;0.0;690
201500048717;15;7;23;2300;5;2;2;1;1;387;38, GAMBETTA;M;0.0;0.0;690
201500048718;15;7;23;1140;1;2;2;1;3;387;., CHALLEMEL LACOUR;M;0.0;0.0;690
201500048720;15;7;23;1800;1;2;1;1;6;383;25, ROCKEFELLER;;;;690
201500048727;15;7;31;1710;1;2;2;1;3;383;., PAUL BERT;;;;690
201500048728;15;8;2;1220;1;2;2;1;3;383;BELLECOMBE (DE);;;;690
201500048740;15;8;12;1315;1;2;1;1;1;259;AMBROISE CROIZAT;;;;690
201500048750;15;8;17;1700;1;2;2;1;3;388;., EPARGNE (DE L');;;;690
201500048754;15;8;21;1610;1;2;1;1;1;383;89, PENSIONNAT (DU);;;;690
201500048758;15;8;25;1040;1;2;2;1;1;388;VIENNE (DE);;;;690
201500048759;15;8;25;1050;1;2;2;1;7;387;JEAN JAURES;M;4574889.0;484409.0;690
201500048761;15;8;25;1740;1;2;2;1;3;387;REPOS (DU);M;4573790.0;486352.0;690
201500048762;15;8;26;1535;1;2;2;1;3;383;ST ANTOINE;;;;690
201500048764;15;8;28;800;1;1;1;1;3;388;PROFESSEUR CALMETTE (DU);;;;690
201500048787;15;9;15;1433;1;2;3;8;3;388;ANTOINE LUMIERE;;;;690
201500048789;15;9;17;820;1;2;1;3;3;388;10, ETATS UNIS (DES);;;;690
201500048802;15;9;24;945;1;2;3;1;1;383;FELIX FAURE;;;;690
201500048807;15;9;28;1420;1;2;2;1;3;383;., CHATEAU (DU);;;;690
201500048811;15;9;29;2010;4;2;1;1;3;259;103, IRENE JOLIOT CURIE;;;;690
201500048813;15;9;30;1950;5;2;1;1;3;386;., GARIBALDI;;;;690
201500048814;15;10;1;1154;1;2;1;1;3;383;DOCTEUR BOUCHUT (DU);M;0.0;0.0;690
201500048821;15;10;5;1400;1;2;2;1;4;387;MARSEILLE (DE);M;0.0;0.0;690
201500048829;15;10;8;900;1;2;4;1;3;388;., GENERAL FRERE (DU);;;;690
201500048830;15;10;7;2020;5;2;1;1;3;388;109, VIENNE (DE);M;4573040.0;485066.0;690
201500048832;15;10;6;1225;1;2;6;8;1;386;VAUBAN;;;;690
201500048833;15;10;9;1255;1;2;1;1;2;387;24, YVES FARGES;M;0.0;0.0;690
201500048839;15;10;11;112;5;2;2;1;2;383;308, LAFAYETTE;;;;690
201500048845;15;10;12;1645;1;2;1;1;3;386;., JULES FERRY;;;;690
201500048848;15;10;13;1830;1;2;2;8;6;383;60, GAMBETTA;;;;690
201500048878;15;11;2;1345;1;2;1;1;1;383;., MARTYRS DE LA RESISTA;;;;690
201500048879;15;11;2;1425;1;2;2;1;3;387;33, YVES FARGES;M;0.0;0.0;690
201500048882;15;11;3;1000;1;2;3;1;1;388;., AMBROISE COURTOIS;;;;690
201500048886;15;11;4;920;1;2;1;1;3;383;GAMBETTA;;;;690
201500048891;15;11;5;1820;5;2;9;1;6;383;CREQUI (DE);;;;690
201500048893;15;11;7;521;5;2;2;1;3;388;JEAN XXIII;M;0.0;0.0;690
201500048900;15;11;10;1345;1;2;2;1;3;386;SEZE (DE);;;;690
201500048907;15;11;14;1110;1;2;1;1;6;388;89, FRERES LUMIERE (DES);M;4573900.0;486687.0;690
201500048920;15;11;20;1830;5;2;1;1;1;383;68, GAMBETTA;;;;690
201500048925;15;11;25;845;1;2;1;2;3;383;GAMBETTA;;;;690
201500048948;15;12;8;1830;5;2;1;1;3;383;DOCTEUR BOUCHUT (DU);;;;690
201500048952;15;12;12;930;1;2;2;1;1;259;FRANCIS DE PRESSENSE;;;;690
201500048957;15;12;9;1120;1;2;2;1;3;387;102, JEAN JAURES;M;4574370.0;484094.0;690
201500048963;15;12;17;1650;2;2;2;1;2;383;47, GAMBETTA;;;;690
201500048966;15;12;11;1800;2;2;1;1;2;383;162, GENAS (DE);;;;690
201500048969;15;12;22;1215;1;2;2;1;3;387;., UNIVERSITE (DE L');;;;690
201500048973;15;12;22;1735;5;2;1;1;1;387;28, GIRONDINS (DES);;;;690
201500048980;15;12;26;1215;1;2;1;1;3;259;IRENE JOLIOT CURIE;;;;690
201500048984;15;2;9;1920;5;2;2;1;3;383;139, AVENUE MARECHAL DE;;;;690
201500049187;15;10;20;1720;1;1;1;1;1;63;ROCADE A 630;M;4488192.0;-54733.0;330
201500049262;15;1;13;1325;1;2;1;1;3;385;6, RUE DE L ANTIQUAILLE;M;4576530.0;483035.0;690
201500049270;15;2;5;1331;1;2;1;4;3;385;12 Bis, QUAI DES ETROITS;;;;690
201500049408;15;1;14;1825;5;2;2;1;3;387;RUE PASTEUR;M;4573870.0;484113.0;690
201500049434;15;3;13;1200;1;2;3;1;3;387;RUE ELIE ROCHETTE;;;;690
201500049437;15;1;7;1905;5;2;1;1;6;387;170, RUE CHALLEMEL LACOU;M;4572840.0;485090.0;690
201500049443;15;1;22;2135;5;2;2;2;3;388;COURS ALBERT THOMAS;M;4574020.0;487747.0;690
201500049460;15;2;26;1110;1;2;1;1;3;388;19, RUE SAINT MAURICE;;;;690
201500049842;15;2;19;1030;1;2;1;1;3;389;QUAI ARLOING;;;;690
201500049940;15;1;13;745;5;1;1;1;3;55;A50-Sens Aubagne vers*Ma;;;;130
201500049941;15;1;13;850;1;1;1;1;3;55;Sens Aubagne vers*Marsei;;;;130
201500050165;15;5;7;1730;1;1;1;1;3;1;A51-Sens Marseille*vers;;;;130
201500050414;15;11;23;822;1;1;1;1;3;55;Sens Aubagne vers*Marsei;;;;130
201500050487;15;2;5;900;1;2;2;1;3;101;41, RUE CAMBON;;;;750
201500050509;15;4;5;1525;1;2;1;1;3;101;370, RUE SAINT HONORE;;;;750
201500050510;15;4;9;1409;1;2;5;1;3;101;43, RUE DE RIVOLI;;;;750
201500050518;15;4;25;1455;1;2;1;1;3;101;29, RUE ETIENNE MARCEL;;;;750
201500050519;15;4;25;1655;1;2;2;2;3;101;156, RUE DE RIVOLI;;;;750
201500050532;15;5;19;1225;1;2;2;1;7;101;98, RUE DE RIVOLI;;;;750
201500050535;15;5;31;1230;1;2;2;2;7;101;1, AVENUE GENERAL LEMONN;;;;750
201500050539;15;6;5;1230;1;2;2;1;6;101;2, PONT DU CARROUSEL;;;;750
201500050540;15;6;12;1450;1;2;3;1;3;101;74, QUAI DES ORFEVRES;;;;750
201500050541;15;6;16;900;1;2;5;1;1;101;157, RUE SAINT HONORE;;;;750
201500050542;15;6;18;1005;1;2;2;1;6;101;122, RUE DE RIVOLI;;;;750
201500050552;15;7;13;1510;1;2;1;1;6;101;PLACE DU CARROUSEL;;;;750
201500050553;15;7;14;50;5;2;5;1;3;101;41, RUE DE RIVOLI;;;;750
201500050554;15;7;15;1000;1;2;3;1;3;101;232, RUE DE RIVOLI;;;;750
201500050556;15;7;15;2235;2;2;3;1;3;101;2, RUE SAINT ROCH;;;;750
201500050558;15;7;21;1240;1;2;2;1;3;101;RUE DU PONT NEUF;;;;750
201500050562;15;8;3;1425;1;2;2;1;3;101;12, QUAI FRANCOIS MITTER;;;;750
201500050565;15;8;17;1607;1;2;7;1;6;101;, RUE DE RIVOLI;;;;750
201500050593;15;11;20;1720;5;2;1;2;3;101;252, RUE DE RIVOLI;;;;750
201500050594;15;11;21;2300;5;2;2;1;3;104;/, BOULEVARD HENRI IV;;;;750
201500050598;15;12;5;1735;5;2;1;1;3;101;09, BOULEVARD DE LA MADE;;;;750
201500050609;15;1;2;930;1;2;5;8;3;102;1, BOULEVARD DE BONNE NO;;;;750
201500050618;15;2;9;950;1;2;1;1;6;102;34, RUE ETIENNE MARCEL;;;;750
201500050641;15;5;8;1455;1;2;5;1;6;102;3, RUE DANIELLE CASANOVA;;;;750
201500050643;15;5;10;2110;2;2;5;1;3;102;21, RUE DU QUATRE SEPTEM;;;;750
201500050646;15;5;27;1230;1;2;1;1;6;102;5, RUE SAINT FIACRE;;;;750
201500050648;15;5;31;1015;1;2;1;8;6;102;11, RUE DANIELLE CASANOV;;;;750
201500050652;15;6;8;1825;1;2;2;1;1;110;0, BOULEVARD SAINT DENIS;;;;750
201500050657;15;6;15;1750;1;2;3;1;6;102;248, RUE SAINT DENIS;;;;750
201500050658;15;6;16;1225;1;2;1;1;6;103;34, RUE DE TURBIGO;;;;750
201500050659;15;6;22;900;1;2;2;1;7;103;BOULEVARD DE SEBASTOPOL;;;;750
201500050662;15;6;29;905;1;2;2;1;7;102;27, RUE SAINT AUGUSTIN;;;;750
201500050664;15;7;1;925;1;2;3;1;6;102;23, BOULEVARD DE BONNE N;;;;750
201500050666;15;7;8;910;1;2;7;1;3;102;AVENUE DE L OPERA;;;;750
201500050673;15;8;10;1235;1;2;2;1;7;102;58, RUE DE RICHELIEU;;;;750
201500050680;15;9;12;1140;1;2;3;8;2;102;41, AVENUE DE L OPERA;;;;750
201500050681;15;9;13;2330;5;2;1;1;3;104;39, RUE DE RIVOLI;;;;750
201500050688;15;9;23;1245;1;2;1;1;6;102;25, RUE LOUIS LE GRAND;;;;750
201500050689;15;9;23;2015;5;2;1;1;2;102;40, RUE ETIENNE MARCEL;;;;750
201500050695;15;9;30;2050;5;2;1;1;6;104;29, RUE DE RIVOLI;;;;750
201500050698;15;10;7;1920;5;2;1;1;6;102;30, RUE BLONDEL;;;;750
201500050704;15;10;17;1930;5;2;2;1;2;109;1, RUE BERGERE;;;;750
201500050718;15;11;6;945;1;2;2;1;6;102;44, RUE ETIENNE MARCEL;;;;750
201500050728;15;12;4;845;1;2;1;1;6;101;RUE SAINT HONORE;;;;750
201500050729;15;12;7;745;5;2;1;1;3;109;RUE DU HAVRE;;;;750
201500050738;15;1;21;1340;1;2;2;1;7;103;2, RUE AUX OURS;;;;750
201500050740;15;1;23;1510;1;2;1;1;7;103;37, RUE REAUMUR;;;;750