Num_Acc;an;mois;jour;hrmn;lum;agg;int;atm;col;com;adr;gps;lat;long;dep
201500050753;15;2;22;1410;1;2;2;1;6;103;205, RUE DU TEMPLE;;;;750
201500050760;15;3;6;1400;1;2;3;1;6;104;20, RUE RAMBUTEAU;;;;750
201500050761;15;3;9;1000;1;2;2;1;3;103;21, RUE BEAUBOURG;;;;750
201500050771;15;4;13;1215;1;2;1;1;2;103;13, PLACE DE LA REPUBLIQ;;;;750
201500050773;15;4;17;910;1;2;1;1;6;103;59, RUE DE TURBIGO;;;;750
201500050775;15;4;22;945;1;2;1;1;6;103;23, RUE BEAUBOURG;;;;750
201500050778;15;5;6;1120;1;2;7;1;1;103;207, RUE DU TEMPLE;;;;750
201500050781;15;5;24;2215;5;2;2;1;3;103;245, RUE SAINT MARTIN;;;;750
201500050782;15;5;21;2145;4;2;1;1;6;103;61, BOULEVARD BEAUMARCHA;;;;750
201500050783;15;5;25;1650;1;2;1;1;3;103;28, RUE REAUMUR;;;;750
201500050784;15;5;26;1150;1;2;1;1;3;103;95, RUE BEAUBOURG;;;;750
201500050785;15;5;27;1020;1;2;1;1;2;103;23, RUE BEAUBOURG;;;;750
201500050788;15;6;3;1900;1;2;2;1;6;101;104, RUE DE RIVOLI;;;;750
201500050792;15;6;11;1505;1;2;3;1;6;103;31, RUE BEAUBOURG;;;;750
201500050797;15;6;23;1830;1;2;1;1;6;103;13, PLACE DE LA REPUBLIQ;M;4852011.0;221485.0;750
201500050798;15;6;28;430;5;2;2;1;3;103;1, BOULEVARD SAINT DENIS;;;;750
201500050800;15;7;10;1120;1;2;4;1;3;109;67, RUE LA FAYETTE;M;;;750
201500050801;15;7;16;845;1;2;2;1;3;103;58, BOULEVARD DE SEBASTO;M;;;750
201500050803;15;7;19;1150;1;2;1;1;6;103;11, PLACE DE LA REPUBLIQ;M;;;750
201500050807;15;7;29;1000;1;2;1;1;2;103;237, RUE SAINT MARTIN;M;;;750
201500050808;15;7;31;1150;1;2;5;1;6;103;2, RUE DES FILLES DU CAL;;;;750
201500050814;15;8;29;1530;1;2;3;1;2;103;93, BOULEVARD BEAUMARCHA;;;;750
201500050818;15;9;4;1715;1;2;1;1;3;103;259, RUE SAINT MARTIN;;;;750
201500050828;15;10;2;930;1;2;7;1;3;103;21, PLACE DE LA REPUBLIQ;;;;750
201500050830;15;10;1;1935;2;2;2;1;3;103;15, RUE DE BRETAGNE;;;;750
201500050831;15;10;5;1555;1;2;7;3;6;103;09, PLACE DE LA REPUBLIQ;;;;750
201500050834;15;10;9;925;1;2;5;7;2;103;94, RUE DE TURENNE;;;;750
201500050835;15;10;9;1100;1;2;1;1;3;103;89, RUE DE TURENNE;;;;750
201500050838;15;10;23;1140;1;2;2;1;2;103;110, BOULEVARD DE SEBAST;;;;750
201500050854;15;12;15;1500;1;2;2;8;2;103;12, RUE DES HAUDRIETTES;;;;750
201500050857;15;12;19;1215;1;2;7;1;4;103;15, PLACE DE LA REPUBLIQ;;;;750
201500050866;15;1;16;2245;5;2;2;1;6;104;12, QUAI DE GESVRES;;;;750
201500050872;15;2;21;1200;1;2;7;2;3;111;14, PLACE DE LA BASTILLE;;;;750
201500050873;15;2;27;841;1;2;2;1;3;104;7, RUE SAINT MARTIN;;;;750
201500050877;15;3;4;1650;1;2;2;1;6;104;12, BOULEVARD HENRI IV;;;;750
201500050879;15;3;5;850;1;2;1;1;3;103;11, PLACE DE LA REPUBLIQ;;;;750
201500050884;15;3;17;2030;3;2;3;1;6;104;5, BOULEVARD HENRI IV;;;;750
201500050888;15;3;27;920;1;2;3;1;3;104;1, RUE DE BROSSE;;;;750
201500050889;15;3;27;1825;1;2;7;1;3;104;02, PLACE DU CHATELET;;;;750
201500050891;15;4;1;1845;1;2;3;1;6;104;18, BOULEVARD HENRI IV;;;;750
201500050893;15;4;3;1315;1;2;1;2;6;102;9, RUE SAINT AUGUSTIN;;;;750
201500050895;15;4;8;1923;1;2;1;1;3;104;QUAI DE L HOTEL DE VILLE;;;;750
201500050898;15;4;12;2020;5;2;7;1;3;111;BOULEVARD BEAUMARCHAIS;;;;750
201500050899;15;4;12;440;5;2;1;1;6;104;28, RUE DE RIVOLI;;;;750
201500050900;15;4;13;1540;1;2;4;1;3;104;2, RUE CRILLON;;;;750
201500050903;15;4;25;255;5;2;2;2;3;104;QUAI DE LA CORSE;;;;750
201500050908;15;5;5;935;1;2;3;2;3;104;QUAI DE L HOTEL DE VILLE;;;;750
201500050912;15;5;12;1900;1;2;3;1;6;104;QUAI DE L HOTEL DE VILLE;;;;750
201500050913;15;5;14;345;5;2;1;1;6;104;3, RUE DU RENARD;;;;750
201500050916;15;5;20;1740;1;2;1;1;3;109;83 bis, RUE LA FAYETTE;;;;750
201500050922;15;6;2;1015;1;2;2;1;3;104;46, QUAI HENRI IV;;;;750
201500050923;15;6;2;1600;1;2;1;1;7;104;36, BOULEVARD DE SEBASTO;;;;750
201500050929;15;6;5;845;1;2;7;7;3;104;01, PLACE DE LA BASTILLE;;;;750
201500050934;15;6;21;30;5;2;2;1;6;104;RUE DE RIVOLI;;;;750
201500050940;15;7;6;1705;1;2;2;1;6;104;8, QUAI DU MARCHE NEUF;;;;750
201500050941;15;7;7;845;1;2;3;1;6;109;104, RUE SAINT LAZARE;;;;750
201500050945;15;7;16;2230;5;2;2;1;2;104;46, QUAI DES CELESTINS;;;;750
201500050947;15;7;18;1815;1;2;3;1;6;109;RUE DE CHATEAUDUN;;;;750
201500050950;15;8;3;1950;1;2;2;1;3;104;/, PONT MORLAND;;;;750
201500050952;15;8;7;157;5;2;2;1;6;104;12, QUAI DE GESVRES;;;;750
201500050954;15;8;14;1610;1;2;2;1;6;101;132, RUE DE RIVOLI;;;;750
201500050957;15;8;26;920;1;2;2;1;3;104;1, QUAI DE LA CORSE;;;;750
201500050959;15;8;28;1930;1;2;2;1;3;104;BOULEVARD MORLAND;;;;750
201500050964;15;9;10;1825;1;2;1;1;3;104;PONT DE SULLY;;;;750
201500050973;15;9;22;920;1;2;1;2;2;104;14bis, RUE DE RIVOLI;;;;750
201500050975;15;9;22;1820;1;2;1;1;3;104;QUAI DE L HOTEL DE VILLE;;;;750
201500050977;15;10;2;1700;1;2;5;1;6;104;86, RUE DE RIVOLI;;;;750
201500050979;15;10;1;930;1;2;3;1;3;104;PONT D ARCOLE;;;;750
201500050987;15;10;26;1630;1;2;2;1;3;104;PONT DE SULLY;;;;750
201500050991;15;11;5;1825;5;2;1;2;6;104;20, RUE BEAUBOURG;;;;750
201500050999;15;11;19;2355;5;2;5;2;3;104;/, RUE DES NONNAINS D HY;;;;750
201500051000;15;11;27;1200;1;2;1;1;3;104;1, BOULEVARD DU PALAIS;;;;750
201500051005;15;12;6;2115;5;2;2;1;2;104;--, RUE DES ARCHIVES;;;;750
201500051006;15;12;8;2055;5;2;5;8;6;104;49, BOULEVARD HENRI IV;;;;750
201500051009;15;12;17;2040;5;2;5;1;6;104;1, RUE DE LA COUTELLERIE;;;;750
201500051012;15;12;23;1630;2;2;1;1;2;104;45, RUE DES FRANCS BOURG;;;;750
201500051014;15;12;30;1300;1;2;1;1;6;103;87, RUE VIEILLE DU TEMPL;;;;750
201500051018;15;1;5;1120;1;2;3;8;3;105;16 bis, RUE CENSIER;;;;750
201500051031;15;1;30;1400;1;2;2;2;6;105;2, RUE ERASME;;;;750
201500051038;15;2;27;1845;5;2;4;1;3;105;116, RUE MONGE;;;;750
201500051041;15;3;2;1845;2;2;1;1;3;105;38, RUE DES FOSSES SAINT;;;;750
201500051050;15;4;1;1712;1;2;3;1;7;105;55, BOULEVARD SAINT GERM;;;;750
201500051052;15;4;3;1810;1;2;1;2;3;105;29, RUE BUFFON;;;;750
201500051055;15;4;10;1105;1;2;1;1;6;105;83, BOULEVARD SAINT MICH;;;;750
201500051065;15;4;18;209;5;2;1;1;6;105;117, RUE MONGE;;;;750
201500051067;15;4;21;1236;1;2;3;1;2;105;40, BOULEVARD DE L HOPIT;;;;750
201500051068;15;4;23;1830;1;2;3;1;6;105;13, QUAI SAINT MICHEL;;;;750
201500051074;15;5;6;1935;1;2;2;1;7;105;137, BOULEVARD SAINT MIC;;;;750
201500051075;15;5;18;1510;1;2;7;1;2;105;75, RUE CLAUDE BERNARD;;;;750
201500051077;15;5;27;1250;2;2;1;1;6;105;16, RUE CLAUDE BERNARD;;;;750
201500051078;15;5;27;1255;1;2;1;1;2;105;25, RUE CLAUDE BERNARD;;;;750
201500051079;15;5;27;2112;2;2;3;1;3;105;16, RUE DE L ARBALETE;;;;750
201500051091;15;6;19;1425;1;2;2;1;3;105;41, BOULEVARD SAINT GERM;;;;750
201500051094;15;6;30;1950;1;2;1;1;3;105;17, BOULEVARD SAINT GERM;;;;750
201500051102;15;7;17;640;1;2;2;1;2;105;41, BOULEVARD SAINT GERM;;;;750
201500051109;15;7;28;1909;1;2;2;1;3;105;46, RUE SAINT JACQUES;;;;750
201500051111;15;7;29;2330;5;2;2;1;3;105;39, BOULEVARD SAINT GERM;M;;;750
201500051113;15;8;6;904;1;2;5;1;3;105;27, BOULEVARD SAINT MICH;;;;750
201500051117;15;8;19;2040;5;2;2;1;3;105;100, BOULEVARD SAINT GER;;;;750
201500051121;15;8;31;1240;1;2;5;2;6;105;34, RUE MONGE;;;;750
201500051125;15;9;10;1730;1;2;3;1;6;105;14, RUE CENSIER;;;;750
201500051133;15;9;25;1100;1;2;1;1;3;105;27, RUE LHOMOND;;;;750
201500051137;15;10;1;1850;2;2;5;1;3;105;47, AVENUE DE L OBSERVAT;;;;750
201500051145;15;10;7;850;1;2;2;1;3;105;21, BOULEVARD SAINT MICH;;;;750
201500051157;15;10;21;1045;1;2;3;1;3;105;93, RUE MONGE;;;;750
201500051160;15;10;24;950;1;2;3;1;3;105;5, BOULEVARD SAINT MICHE;;;;750
201500051163;15;10;31;315;5;2;1;1;3;105;135, BOULEVARD SAINT MIC;;;;750
201500051180;15;11;24;1130;1;2;2;2;3;105;65, BOULEVARD SAINT MICH;;;;750
201500051181;15;11;26;1355;1;2;1;1;6;105;29, RUE MONGE;;;;750
201500051190;15;12;18;1020;1;2;2;1;6;105;RUE MONGE;;;;750
201500051201;15;2;4;930;1;2;2;1;2;106;175, BOULEVARD SAINT GER;;;;750
201500051211;15;2;27;644;2;2;7;1;1;106;1, RUE DU CHERCHE MIDI;;;;750
201500051215;15;3;14;1205;1;2;1;1;6;106;53, RUE DE SEVRES;;;;750
201500051221;15;3;28;1545;1;2;2;1;3;106;11, RUE CASSETTE;;;;750
201500051225;15;4;4;1710;1;2;1;1;3;106;37, RUE DE SEVRES;;;;750
201500051228;15;4;13;1300;1;2;2;1;2;106;25, BOULEVARD SAINT MICH;;;;750
201500051230;15;4;15;1737;1;2;1;1;2;106;59, BOULEVARD RASPAIL;;;;750
201500051232;15;4;22;948;1;2;3;1;2;106;7, RUE DU VIEUX COLOMBIE;;;;750
201500051238;15;5;6;1605;1;2;2;1;3;106;17, RUE RACINE;;;;750
201500051244;15;5;20;1044;1;2;1;1;6;106;89, RUE DU CHERCHE MIDI;;;;750
201500051246;15;5;21;1510;1;2;1;1;2;106;79, RUE DE SEVRES;;;;750
201500051253;15;6;10;1210;1;2;3;1;3;106;5, QUAI DE CONTI;;;;750
201500051263;15;6;27;1030;1;2;2;1;3;106;112, RUE DE RENNES;;;;750
201500051270;15;7;11;2030;1;2;2;1;6;106;8, BOULEVARD SAINT MICHE;;;;750
201500051271;15;7;13;1440;1;2;3;1;6;106;72, BOULEVARD SAINT MICH;;;;750
201500051275;15;7;21;1400;1;2;1;1;6;106;153, RUE DE RENNES;;;;750
201500051276;15;7;24;755;1;2;2;1;7;106;28, RUE SAINT PLACIDE;;;;750
201500051278;15;7;29;845;1;2;5;1;3;106;29, BOULEVARD DU MONTPAR;;;;750
201500051280;15;8;1;1540;1;2;2;1;3;106;82, BOULEVARD RASPAIL;;;;750
201500051284;15;8;17;920;1;2;5;1;3;106;57, QUAI DES GRANDS AUGU;;;;750
201500051286;15;8;24;900;1;2;2;2;2;106;115, RUE DE RENNES;;;;750
201500051289;15;8;30;1725;1;2;3;1;4;106;69 bis, RUE DE VAUGIRARD;;;;750
201500051298;15;9;15;1100;1;2;3;1;3;106;108, BOULEVARD SAINT GER;;;;750
201500051321;15;10;30;1015;1;2;3;1;3;105;53, BOULEVARD SAINT MICH;;;;750
201500051322;15;10;31;1730;5;2;2;1;6;106;106 bis, RUE DE RENNES;;;;750
201500051327;15;11;11;1950;5;2;3;1;6;106;65, RUE DU CHERCHE MIDI;;;;750
201500051328;15;11;12;1110;1;2;5;1;3;106;BOULEVARD DU MONTPARNASS;;;;750
201500051333;15;11;23;830;2;2;1;1;2;106;73, RUE DE RENNES;;;;750
201500051336;15;12;2;1325;1;2;1;1;6;106;02, AVENUE DE L OBSERVAT;;;;750
201500051339;15;12;5;210;5;2;5;1;1;106;RUE DE RENNES;;;;750
201500051342;15;12;11;2000;5;2;1;8;6;106;9, RUE DE MEZIERES;;;;750
201500051343;15;12;12;1010;1;2;1;1;3;106;37, BOULEVARD DU MONTPAR;;;;750
201500051349;15;12;19;1530;1;2;5;1;4;106;53, RUE DE RENNES;;;;750
201500051354;15;1;14;915;1;2;3;1;3;107;21, AVENUE BOSQUET;;;;750
201500051376;15;2;25;1900;5;2;7;2;3;107;PLACE DE LA RESISTANCE;;;;750
201500051380;15;3;7;1745;1;2;1;1;6;107;VOIE EXPRESS RIVE GAUCHE;;;;750
201500051382;15;3;9;1650;1;2;1;2;3;107;QUAI D ORSAY;;;;750
201500051384;15;3;17;1310;1;2;2;1;6;107;BOULEVARD DES INVALIDES;;;;750
201500051394;15;4;10;900;1;2;2;1;3;114;RUE JULIA BARTET;;;;750
201500051395;15;4;13;1505;1;2;1;1;3;107;39, AVENUE DE SUFFREN;;;;750
201500051396;15;4;15;1345;1;2;2;1;2;107;QUAI D ORSAY;;;;750
201500051397;15;4;16;2139;5;2;1;1;2;107;QUAI D ORSAY;;;;750
201500051407;15;5;4;1035;1;2;3;1;6;107;QUAI BRANLY;;;;750
201500051409;15;5;7;2010;5;2;7;1;3;107;AVENUE BOSQUET;;;;750
201500051412;15;5;13;1155;1;2;3;1;3;107;10, BOULEVARD DES INVALI;;;;750
201500051429;15;6;8;2040;1;2;2;1;3;107;AVENUE DU MARECHAL GALLI;;;;750
201500051433;15;6;12;755;1;2;1;1;2;107;61, AVENUE DE BRETEUIL;;;;750
201500051438;15;6;18;1020;1;2;2;1;6;107;158, RUE DE GRENELLE;;;;750
201500051449;15;7;8;1255;1;2;2;1;3;107;RUE DE SEVRES;;;;750
201500051461;15;8;7;1227;1;2;5;1;6;107;RUE DE SEVRES;;;;750
201500051462;15;8;9;2225;5;2;3;1;3;107;23, RUE VANEAU;;;;750
201500051464;15;8;13;2040;2;2;3;2;3;115;QUAI BRANLY;;;;750
201500051467;15;8;26;845;1;2;2;1;2;107;110, AVENUE DE SUFFREN;;;;750
201500051472;15;9;5;1035;1;2;5;1;6;107;2, BOULEVARD RASPAIL;;;;750
201500051479;15;9;15;1542;1;2;1;1;6;107;RUE DE BELLECHASSE;;;;750
201500051488;15;10;10;1700;1;2;1;1;3;107;AVENUE JOSEPH BOUVARD;;;;750
201500051490;15;10;14;915;1;2;1;1;7;107;QUAI D ORSAY;;;;750
201500051491;15;10;15;1855;2;2;7;1;3;107;AVENUE DUQUESNE;;;;750
201500051495;15;10;22;830;1;2;1;8;3;107;40, RUE DE SEVRES;;;;750
201500051501;15;11;3;2335;5;2;2;2;3;107;RUE DE BELLECHASSE;;;;750
201500051518;15;12;2;1555;1;2;7;1;3;107;PLACE LEON PAUL FARGUE;;;;750
201500051521;15;12;12;1635;1;2;7;1;7;107;AVENUE DE SUFFREN;;;;750
201500051525;15;1;5;2015;5;2;7;1;3;108;135, AVENUE DES CHAMPS E;;;;750
201500051528;15;1;8;1035;1;2;3;1;2;108;101, AVENUE DES CHAMPS E;;;;750
201500051551;15;1;27;1035;1;2;7;1;2;108;PLACE DE LA CONCORDE;;;;750
201500051616;15;4;14;855;1;2;1;1;3;108;7, RUE DE SAINT PETERSBO;;;;750
201500051617;15;4;14;1415;1;2;5;7;3;116;1, AVENUE DU PRESIDENT W;;;;750
201500051619;15;4;18;1405;1;2;7;1;2;108;PLACE DE L ALMA;;;;750
201500051624;15;4;23;850;1;2;2;1;3;108;35, AVENUE DES CHAMPS EL;;;;750
201500051626;15;4;23;1234;1;2;7;1;3;108;133, AVENUE DES CHAMPS E;;;;750
201500051631;15;4;28;1930;1;2;1;1;3;108;94, BOULEVARD HAUSSMANN;;;;750
201500051633;15;4;29;2000;1;2;3;1;2;117;RUE DE COURCELLES;;;;750
201500051642;15;5;9;430;5;2;1;1;3;108;PONT ALEXANDRE III;;;;750
201500051654;15;5;26;1220;1;2;7;1;3;108;AVENUE CESAR CAIRE;;;;750
201500051681;15;6;10;1945;1;2;2;1;6;108;53, BOULEVARD DE COURCEL;;;;750
201500051686;15;6;15;1745;1;2;3;1;2;108;11, AVENUE GEORGE V;;;;750
201500051690;15;6;19;1100;1;2;7;1;2;108;6, PLACE DE LA CONCORDE;;;;750
201500051722;15;7;16;1100;1;2;7;1;3;108;02, PLACE DE L ALMA;;;;750
201500051723;15;7;17;838;1;2;2;1;7;108;1, AVENUE DE MARIGNY;;;;750
201500051731;15;7;22;1443;1;2;7;1;3;108;4, PLACE DE LA CONCORDE;;;;750
201500051734;15;7;27;1930;1;2;7;1;6;108;AVENUE DES CHAMPS ELYSEE;;;;750
201500051736;15;7;28;950;1;2;1;1;3;108;AVENUE WINSTON CHURCHILL;;;;750
201500051737;15;7;29;935;1;2;2;1;3;108;PONT ALEXANDRE III;;;;750
201500051741;15;8;3;1200;1;2;1;1;3;108;BOULEVARD HAUSSMANN;;;;750
201500051744;15;8;5;930;1;2;7;1;7;108;PLACE DE LA CONCORDE;;;;750
201500051755;15;8;29;820;1;2;7;1;3;109;RUE D AMSTERDAM;;;;750
201500051761;15;9;5;1910;1;2;7;1;3;108;PLACE DE L ALMA;;;;750
201500051765;15;9;9;1500;1;2;2;1;3;108;35, RUE DE BERRI;;;;750
201500051818;15;10;16;1740;1;2;7;2;6;108;ROND POINT CHAMPS ELYSEE;;;;750
201500051850;15;11;8;1730;2;2;2;1;3;108;COURS LA REINE;;;;750
201500051875;15;12;3;1900;5;2;1;1;3;108;08, RUE ROYALE;;;;750
201500051900;15;12;29;1505;1;2;2;1;3;108;01, RUE DE LA VILLE L EV;;;;750
201500051921;15;2;24;1000;1;2;5;2;3;109;11, RUE PAPILLON;;;;750
201500051926;15;3;6;1915;1;2;1;1;3;109;33, RUE DE CHATEAUDUN;;;;750
201500051927;15;3;9;1755;1;2;3;1;3;109;70, RUE LA FAYETTE;;;;750
201500051929;15;3;13;1630;1;2;7;1;3;109;2, PLACE DE CLICHY;;;;750
201500051937;15;3;31;920;1;2;1;8;2;109;57, RUE DE LA CHAUSSEE D;;;;750
201500051945;15;4;12;330;5;2;3;1;3;109;72, RUE LA FAYETTE;;;;750
201500051951;15;4;21;1235;1;2;5;1;2;109;RUE VICTOR MASSE;;;;750
201500051981;15;6;6;1300;1;2;3;1;3;109;06, RUE DU FAUBOURG MONT;;;;750
201500051983;15;6;12;945;1;2;1;1;2;109;22, RUE DE MAUBEUGE;;;;750
201500051993;15;6;29;2030;1;2;2;1;3;109;14, BOULEVARD MONTMARTRE;;;;750
201500052006;15;8;8;340;5;2;5;1;2;101;2, QUAI DU LOUVRE;;;;750
201500052027;15;9;25;1948;5;2;1;1;6;104;01, RUE SAINT ANTOINE;;;;750
201500052028;15;9;29;1250;1;2;2;1;6;109;7, BOULEVARD HAUSSMANN;;;;750
201500052032;15;10;4;55;5;2;2;1;3;104;BOULEVARD HENRI IV;;;;750
201500052036;15;9;30;1450;1;2;7;1;3;109;PLACE DE L OPERA;;;;750
201500052044;15;10;20;725;5;2;3;8;3;109;65, RUE LA FAYETTE;;;;750
201500052046;15;10;30;1720;1;2;2;1;2;109;RUE DU FAUBOURG MONTMART;;;;750
201500052053;15;11;12;945;1;2;2;1;3;109;14, BOULEVARD HAUSSMANN;;;;750
201500052060;15;11;26;849;1;2;2;1;3;103;1, BOULEVARD SAINT DENIS;;;;750
201500052065;15;12;1;1420;1;2;3;1;6;109;41, BOULEVARD DE CLICHY;;;;750
201500052088;15;1;18;2140;5;2;1;1;3;110;1, BOULEVARD DE STRASBOU;;;;750
201500052095;15;1;27;1015;1;2;1;1;6;110;09, BOULEVARD DE LA VILL;;;;750
201500052096;15;1;27;1200;1;2;1;1;6;110;08, RUE YVES TOUDIC;;;;750
201500052101;15;2;6;1800;5;2;1;1;3;110;119, RUE DU FAUBOURG SAI;;;;750
201500052138;15;4;9;1345;1;2;5;1;3;110;210, RUE DU FAUBOURG SAI;;;;750
201500052147;15;4;21;1400;1;2;2;1;3;110;72, BOULEVARD DE STRASBO;;;;750
201500052149;15;4;23;5;5;2;2;1;3;110;230 bis, RUE DU FAUBOURG;;;;750
201500052162;15;5;20;810;1;2;3;1;3;110;22, RUE BICHAT;;;;750
201500052164;15;5;21;926;1;2;1;1;3;110;145, QUAI DE VALMY;;;;750
201500052165;15;5;22;1710;1;2;5;1;6;110;35, BOULEVARD DE LA CHAP;;;;750
201500052168;15;5;30;1000;1;2;5;1;3;110;18, BOULEVARD SAINT MART;;;;750
201500052171;15;6;3;950;1;2;3;1;3;110;71, QUAI DE VALMY;;;;750
201500052172;15;6;6;1915;1;2;1;1;6;110;206, RUE DU FAUBOURG SAI;;;;750
201500052179;15;6;11;1415;1;2;3;1;3;110;53, RUE DE CHABROL;;;;750
201500052180;15;6;16;2045;1;2;2;1;1;110;87, BOULEVARD DE MAGENTA;;;;750
201500052187;15;6;12;1717;1;2;1;1;2;110;205, QUAI DE VALMY;;;;750
201500052195;15;7;1;830;1;2;1;1;3;110;6, RUE DU FAUBOURG POISS;;;;750
201500052199;15;7;8;820;1;2;2;1;3;110;17, RUE JACQUES LOUVEL T;;;;750
201500052213;15;8;3;2000;1;2;1;1;6;110;36, QUAI DE JEMMAPES;;;;750
201500052215;15;8;13;2030;1;2;5;1;3;110;/, RUE LA FAYETTE;M;4852501.0;221432.0;750
201500052217;15;8;15;130;5;2;3;2;3;110;272, RUE DU FAUBOURG SAI;;;;750
201500052221;15;8;24;1715;1;2;2;2;2;110;5, PLACE DU COLONEL FABI;;;;750
201500052223;15;8;31;1515;1;2;1;1;3;110;4, RUE DU FAUBOURG SAINT;;;;750
201500052225;15;9;4;1935;1;2;2;1;6;110;36, BOULEVARD DE STRASBO;;;;750
201500052230;15;9;21;1545;1;2;1;1;3;110;25, RUE DE LA GRANGE AUX;;;;750
201500052236;15;9;28;910;1;2;1;1;6;110;57, RUE DE LANCRY;;;;750
201500052240;15;10;3;1630;1;2;4;1;6;110;15, RUE EUGENE VARLIN;;;;750
201500052249;15;10;23;1830;2;2;1;1;6;110;75, BOULEVARD DE MAGENTA;;;;750
201500052251;15;10;27;2000;5;2;2;1;6;110;153, QUAI DE VALMY;;;;750
201500052258;15;11;6;1100;1;2;1;1;3;110;175, RUE LA FAYETTE;;;;750
201500052261;15;11;13;1515;1;2;2;1;7;110;49, BOULEVARD DE STRASBO;;;;750
201500052270;15;11;27;2100;5;2;5;1;3;110;BOULEVARD DE MAGENTA;;;;750
201500052272;15;12;1;900;1;2;1;1;3;110;131, QUAI DE VALMY;;;;750
201500052273;15;12;1;2015;5;2;1;1;3;110;123, BOULEVARD DE MAGENT;;;;750
201500052276;15;12;4;1350;1;2;1;1;3;110;133, BOULEVARD DE MAGENT;;;;750
201500052292;15;1;9;955;1;2;1;1;6;111;39, RUE JEAN PIERRE TIMB;;;;750
201500052308;15;2;10;2010;5;2;7;1;7;111;3, PLACE DE LA NATION;;;;750
201500052313;15;2;19;930;1;2;2;1;3;111;0, RUE DE LA ROQUETTE;;;;750
201500052315;15;2;20;700;1;2;7;2;2;111;4, AVENUE DE LA REPUBLIQ;;;;750
201500052325;15;2;28;305;5;2;2;1;3;111;/, BOULEVARD DE MENILMON;;;;750
201500052329;15;3;11;820;1;2;1;1;6;111;41, RUE DE LA FONTAINE A;;;;750
201500052331;15;3;12;1505;1;2;1;1;1;111;33, RUE DU FAUBOURG SAIN;;;;750
201500052333;15;3;13;2230;5;2;5;1;3;111;/, BOULEVARD RICHARD LEN;;;;750
201500052338;15;3;30;1145;1;2;3;1;7;111;35, METRO CHEMIN VERT;;;;750
201500052344;15;4;7;1845;1;2;2;1;6;111;60, BOULEVARD BEAUMARCHA;;;;750
201500052354;15;4;16;1655;1;2;1;1;6;111;79, BOULEVARD DE BELLEVI;;;;750
201500052355;15;4;17;1310;1;2;1;1;6;111;44, RUE DE MONTREUIL;;;;750
201500052359;15;4;21;915;1;2;2;1;1;111;31, RUE SAINT MAUR;;;;750
201500052360;15;4;21;1520;1;2;2;1;1;111;52, AVENUE DE LA REPUBLI;;;;750
201500052364;15;4;23;2345;5;2;2;1;3;110;122, BOULEVARD DE MAGENT;;;;750
201500052371;15;5;3;1550;1;2;7;8;3;111;2, BOULEVARD RICHARD LEN;;;;750
201500052379;15;5;16;1105;1;2;7;1;3;111;12, PLACE LEON BLUM;;;;750
201500052380;15;5;17;1110;1;2;7;1;2;111;4, PLACE LEON BLUM;;;;750
201500052386;15;5;20;1940;1;2;7;1;3;111;03, PLACE DE LA NATION;;;;750
201500052387;15;5;21;1020;1;2;1;1;2;111;41, RUE DE CHARONNE;;;;750
201500052403;15;6;12;1120;1;2;2;1;3;111;16, RUE BREGUET;;;;750
201500052409;15;6;19;1110;1;2;4;1;3;111;95 bis, BOULEVARD VOLTAI;;;;750
201500052412;15;6;21;120;5;2;3;1;2;111;150, BOULEVARD VOLTAIRE;;;;750
201500052413;15;6;24;1700;1;2;3;1;2;103;56, BOULEVARD BEAUMARCHA;;;;750
201500052416;15;6;27;235;5;2;2;1;2;111;24, AVENUE DE LA REPUBLI;;;;750
201500052419;15;7;7;1610;1;2;7;1;3;111;10, AVENUE DE LA REPUBLI;;;;750
201500052424;15;6;3;1540;1;2;1;1;3;111;60, BOULEVARD BEAUMARCHA;;;;750
201500052427;15;6;9;915;1;2;3;1;3;111;167, RUE DU FAUBOURG SAI;;;;750
201500052431;15;6;18;2040;1;2;1;1;6;111;18, AVENUE JEAN AICARD;;;;750
201500052432;15;6;19;1740;1;2;1;1;4;111;96, BOULEVARD VOLTAIRE;;;;750
201500052434;15;7;1;45;5;2;2;1;6;111;94, RUE DU CHEMIN VERT;;;;750
201500052435;15;7;2;1940;1;2;5;1;3;111;26, AVENUE DE LA REPUBLI;;;;750
201500052439;15;7;7;2325;5;2;2;1;3;111;48, AVENUE PARMENTIER;;;;750
201500052443;15;7;12;550;2;2;2;1;3;111;33, RUE SAINT MAUR;;;;750
201500052445;15;7;13;1635;1;2;1;8;3;111;21, RUE SEDAINE;;;;750
201500052448;15;7;15;1715;1;2;4;1;6;111;79, BOULEVARD DE BELLEVI;;;;750
201500052449;15;7;17;1225;1;2;1;1;2;111;1, AVENUE PHILIPPE AUGUS;;;;750
201500052452;15;7;22;1629;1;2;7;1;3;111;4, BOULEVARD RICHARD LEN;;;;750
201500052456;15;7;30;835;1;2;1;1;3;111;52, AVENUE DE LA REPUBLI;;;;750
201500052460;15;8;12;1045;1;2;1;1;3;111;187, RUE DU FAUBOURG SAI;;;;750
201500052463;15;8;13;1845;1;2;2;7;7;111;31, RUE DU FAUBOURG SAI;;;;750