Num_Acc;an;mois;jour;hrmn;lum;agg;int;atm;col;com;adr;gps;lat;long;dep
201500052472;15;8;26;1835;1;2;1;1;3;111;62, RUE DU CHEMIN VERT;;;;750
201500052474;15;8;28;1633;1;2;3;1;3;111;01, RUE SAINT AMBROISE;;;;750
201500052485;15;9;9;920;1;2;1;1;6;111;132, RUE SAINT MAUR;;;;750
201500052488;15;9;11;1712;1;2;3;1;3;111;82, BOULEVARD VOLTAIRE;;;;750
201500052498;15;9;20;1545;1;2;2;1;6;111;64-66-68, RUE LEON FROT;;;;750
201500052502;15;9;23;1920;5;2;1;1;3;111;154, AVENUE LEDRU ROLLIN;;;;750
201500052505;15;9;25;2225;5;2;2;1;3;111;26, BOULEVARD DES FILLES;;;;750
201500052522;15;10;12;1605;1;2;7;1;2;111;17, BOULEVARD DES FILLES;;;;750
201500052525;15;10;14;1745;1;2;1;1;3;111;104, BOULEVARD RICHARD L;;;;750
201500052528;15;10;20;1500;1;2;1;1;3;111;23, BOULEVARD VOLTAIRE;;;;750
201500052535;15;10;27;1900;4;2;7;2;3;111;1, AVENUE PHILIPPE AUGUS;;;;750
201500052537;15;10;30;758;1;2;2;1;2;111;BOULEVARD VOLTAIRE;;;;750
201500052538;15;11;2;825;1;2;3;1;3;111;91, AVENUE DE LA REPUBLI;;;;750
201500052541;15;11;2;1728;5;2;2;1;3;111;76, RUE DE CHARONNE;;;;750
201500052543;15;11;7;845;1;2;3;1;3;111;111, BOULEVARD DE MENILM;;;;750
201500052546;15;11;11;2050;5;2;2;1;3;111;82, RUE DE LA FOLIE MERI;;;;750
201500052554;15;11;18;1540;1;2;3;1;6;111;166 BIS, RUE DE LA ROQUE;;;;750
201500052555;15;11;18;1930;4;2;3;1;6;111;62, BOULEVARD RICHARD LE;;;;750
201500052563;15;11;23;1750;5;2;7;1;3;111;9, PLACE DE LA NATION;;;;750
201500052565;15;11;24;935;1;2;2;1;3;111;44, RUE JEAN PIERRE TIMB;;;;750
201500052567;15;11;24;1900;5;2;3;2;3;111;111, BOULEVARD DE MENILM;;;;750
201500052572;15;11;27;1955;5;2;2;2;6;111;20, BOULEVARD VOLTAIRE;;;;750
201500052577;15;12;1;1330;1;2;2;8;6;111;2, RUE DU FAUBOURG DU TE;;;;750
201500052586;15;12;9;1155;1;2;1;1;2;111;51, RUE DE MONTREUIL;;;;750
201500052587;15;12;10;2200;5;2;7;1;6;111;VISAVIS 1, BOULEVARD BEA;;;;750
201500052589;15;12;14;1725;5;2;2;1;6;111;109, RUE SAINT MAUR;;;;750
201500052593;15;12;18;1010;1;2;2;1;7;111;29, BOULEVARD JULES FERR;;;;750
201500052598;15;12;23;1520;1;2;2;1;3;111;15, AVENUE DE LA REPUBLI;;;;750
201500052615;15;1;13;925;1;2;3;1;6;111;35, RUE SAINT MAUR;;;;750
201500052620;15;1;21;1350;1;2;7;2;2;112;12, PLACE DE LA NATION;;;;750
201500052634;15;2;8;35;5;2;2;1;3;112;AVENUE DAUMESNIL;;;;750
201500052643;15;2;20;1250;1;2;1;2;3;112;12, RUE VAN GOGH;;;;750
201500052649;15;2;27;1520;1;2;2;1;3;112;50, BOULEVARD DIDEROT;;;;750
201500052655;15;3;5;1025;1;2;1;1;6;112;50, RUE DE PICPUS;;;;750
201500052672;15;3;12;2030;5;2;1;1;6;112;08, RUE DE PRAGUE;;;;750
201500052674;15;3;14;1600;1;2;1;1;6;118;118, BOULEVARD DE ROCHEC;;;;750
201500052676;15;3;17;910;1;2;2;1;3;112;AVENUE LEDRU ROLLIN;;;;750
201500052682;15;3;20;1620;1;2;2;1;3;112;62, BOULEVARD DE BERCY;;;;750
201500052687;15;3;27;900;1;2;1;1;7;112;71, RUE DE PICPUS;;;;750
201500052689;15;3;27;2145;5;2;7;1;6;112;3, PLACE LACHAMBEAUDIE;;;;750
201500052699;15;4;6;1730;1;2;2;1;3;112;61, RUE DE PICPUS;;;;750
201500052710;15;4;15;1330;1;2;2;1;3;112;24, RUE CROZATIER;;;;750
201500052716;15;4;20;1830;1;2;7;1;2;112;ESPLANADE SAINT LOUIS;;;;750
201500052722;15;4;29;1705;1;2;2;1;3;112;98, QUAI DE LA RAPEE;;;;750
201500052734;15;5;2;1735;1;2;7;2;3;112;RUE BARON LE ROY;;;;750
201500052739;15;5;9;1630;1;2;7;1;3;112;PLACE DE LA BASTILLE;;;;750
201500052740;15;5;9;2205;5;2;1;1;1;112;248, RUE DE CHARENTON;;;;750
201500052741;15;5;12;1500;1;2;1;1;3;112;AVENUE DE SAINT MAURICE;;;;750
201500052744;15;5;13;1730;1;2;1;1;3;112;26, RUE D ALIGRE;;;;750
201500052747;15;5;15;915;1;2;2;1;6;112;100, RUE DE PICPUS;;;;750
201500052764;15;6;4;840;1;2;5;1;3;112;AVENUE DE GRAVELLE;;;;750
201500052767;15;6;8;1725;1;2;3;1;6;112;BOULEVARD PONIATOWSKI;;;;750
201500052768;15;6;8;1740;1;2;1;1;6;112;205 BIS, AVENUE DAUMESNI;;;;750
201500052777;15;6;14;1030;1;2;2;1;7;112;BOULEVARD DE LA GUYANE;;;;750
201500052778;15;6;15;1955;1;2;2;1;3;112;, RUE PARROT;;;;750
201500052780;15;6;17;1500;1;2;3;1;3;112;180, AVENUE DAUMESNIL;;;;750
201500052781;15;6;18;745;1;2;1;8;6;112;ROUTE DE LA PYRAMIDE;;;;750
201500052782;15;6;23;2025;1;2;2;1;6;112;40, AVENUE DAUMESNIL;;;;750
201500052801;15;7;6;1830;1;2;5;1;3;112;AVENUE DE NOGENT;;;;750
201500052810;15;7;16;1520;1;2;1;1;3;112;212, AVENUE DAUMESNIL;;;;750
201500052825;15;7;31;910;1;2;3;1;3;112;120, RUE DE LYON;;;;750
201500052832;15;8;8;1445;1;2;1;1;3;112;15, AVENUE DAUMESNIL;;;;750
201500052839;15;8;22;1520;1;2;2;1;3;112;AVENUE DAUMESNIL;;;;750
201500052850;15;8;31;1745;1;2;7;1;3;112;PLACE FELIX EBOUE;;;;750
201500052851;15;9;1;2000;2;2;1;1;7;112;8, RUE PAUL HENRI GRAUWI;;;;750
201500052859;15;9;5;1315;1;2;5;1;3;112;ROUTE DAUPHINE;;;;750
201500052860;15;9;6;340;5;2;2;1;3;112;73, AVENUE DAUMESNIL;;;;750
201500052861;15;9;6;1820;1;2;2;1;3;112;24, RUE DE REUILLY;;;;750
201500052863;15;9;8;910;1;2;2;1;6;112;22, AVENUE LEDRU ROLLIN;;;;750
201500052869;15;9;15;1645;1;2;1;1;2;112;25, RUE DAGORNO;;;;750
201500052891;15;9;29;859;1;2;7;1;3;112;4, PLACE DE LA BASTILLE;;;;750
201500052892;15;9;29;905;1;2;2;1;3;112;PONT DE BERCY;;;;750
201500052896;15;9;30;1810;2;2;1;1;3;111;93, RUE DE LA ROQUETTE;;;;750
201500052899;15;10;2;915;1;2;2;1;3;112;AVENUE DE SAINT MAURICE;;;;750
201500052940;15;10;30;1235;1;2;1;1;2;112;39, RUE CROZATIER;;;;750
201500052954;15;11;9;10;5;2;1;1;6;112;PLACE FELIX EBOUE;;;;750
201500052956;15;11;10;1935;5;2;5;1;6;112;72, RUE DE CHARENTON;;;;750
201500052971;15;11;26;1530;1;2;2;1;3;112;95, BOULEVARD DIDEROT;;;;750
201500052973;15;11;27;1605;1;2;3;1;1;112;RUE CORIOLIS;;;;750
201500052982;15;12;7;1130;1;2;3;1;6;112;288, RUE DE CHARENTON;;;;750
201500052985;15;12;10;750;1;2;2;1;3;112;QUAI DE BERCY;;;;750
201500052998;15;12;21;1805;5;2;2;2;2;112;48, COURS DE VINCENNES;;;;750
201500053010;15;1;9;845;1;2;1;1;2;113;RUE VERGNIAUD;;;;750
201500053030;15;1;25;1140;1;2;1;1;2;113;36 bis, RUE EUGENE OUDIN;;;;750
201500053054;15;3;5;1800;1;2;2;1;6;113;76, AVENUE D ITALIE;;;;750
201500053056;15;3;10;2300;5;2;1;1;3;113;137, BOULEVARD DE L HOPI;;;;750
201500053068;15;3;16;1355;1;2;2;1;6;113;73, BOULEVARD MASSENA;;;;750
201500053069;15;3;19;2015;5;2;4;1;3;113;86, QUAI D AUSTERLITZ;;;;750
201500053071;15;3;22;1730;1;2;2;1;1;113;46, RUE DE TOLBIAC;;;;750
201500053080;15;4;1;935;1;2;7;1;3;113;30, PLACE D ITALIE;;;;750
201500053085;15;4;3;2000;5;2;5;2;3;106;16, RUE DE VAUGIRARD;;;;750
201500053086;15;4;10;1110;1;2;3;1;3;113;BOULEVARD VINCENT AURIOL;;;;750
201500053091;15;4;14;1520;1;2;2;1;6;113;80, BOULEVARD AUGUSTE BL;;;;750
201500053093;15;4;14;1830;1;2;2;1;3;113;39, BOULEVARD DE PORT RO;;;;750
201500053110;15;5;4;1655;1;2;7;2;3;113;PLACE D ITALIE;;;;750
201500053117;15;5;11;929;2;2;3;1;6;113;47, BOULEVARD DE PORT RO;;;;750
201500053120;15;5;11;1825;1;2;1;1;2;113;160, RUE JEANNE D ARC;;;;750
201500053122;15;5;12;800;1;2;1;1;3;113;26, BOULEVARD AUGUSTE BL;;;;750
201500053126;15;5;16;1700;1;2;3;1;6;113;BOULEVARD KELLERMANN;;;;750
201500053131;15;5;24;1419;1;2;3;1;3;113;17, RUE DE TOLBIAC;;;;750
201500053132;15;5;25;1005;1;2;1;1;2;113;87, QUAI DE LA GARE;;;;750
201500053145;15;6;5;1120;1;2;3;1;3;113;153, AVENUE D ITALIE;;;;750
201500053152;15;6;11;2045;1;2;3;1;3;113;83, BOULEVARD DE L HOPIT;;;;750
201500053153;15;6;12;1335;1;2;2;1;6;113;53, RUE DUNOIS;;;;750
201500053157;15;6;16;1725;1;2;2;1;6;113;33, RUE DE TOLBIAC;;;;750
201500053165;15;6;26;30;5;2;1;1;3;113;69, RUE DE LA GLACIERE;;;;750
201500053167;15;6;27;225;4;2;1;1;3;105;22, AVENUE DES GOBELINS;;;;750
201500053171;15;7;1;1115;1;2;7;1;6;113;1, RUE CHARLES FOURIER;;;;750
201500053186;15;7;20;1840;1;2;3;1;3;113;BOULEVARD DU GENERAL JEA;;;;750
201500053189;15;7;23;1900;1;2;3;1;3;113;142, AVENUE DE LA PORTE;;;;750
201500053190;15;7;24;1610;1;2;3;2;6;113;RUE JACQUES DESTREE;;;;750
201500053195;15;7;29;850;1;2;2;1;3;113;2, QUAI D AUSTERLITZ;;;;750
201500053196;15;7;30;1620;1;2;3;1;3;113;127, RUE DE TOLBIAC;;;;750
201500053198;15;8;1;245;5;2;1;1;6;113;105 BIS, RUE DE TOLBIAC;;;;750
201500053211;15;8;11;1630;1;2;1;1;6;113;8, RUE DE JULIENNE;;;;750
201500053224;15;8;23;1825;1;2;3;1;3;113;46, RUE DES GOBELINS;;;;750
201500053226;15;8;26;945;1;2;5;1;3;113;99, BOULEVARD AUGUSTE BL;;;;750
201500053239;15;9;8;900;1;2;7;8;6;113;1, BOULEVARD DE L HOPITA;;;;750
201500053248;15;9;11;1700;1;2;7;1;3;113;1, BOULEVARD DE L HOPITA;;;;750
201500053249;15;9;12;105;5;2;7;1;3;113;84, QUAI D AUSTERLITZ;;;;750
201500053255;15;9;17;1825;1;2;2;1;3;113;2, BOULEVARD VINCENT AUR;;;;750
201500053264;15;9;30;1140;1;2;1;1;6;113;125, BOULEVARD VINCENT A;;;;750
201500053274;15;10;9;1335;1;2;5;1;7;113;RUE DE TOLBIAC;;;;750
201500053275;15;10;9;1815;1;2;1;1;1;113;94, AVENUE DE FRANCE;;;;750
201500053279;15;10;11;330;5;2;2;1;6;113;84, QUAI D AUSTERLITZ;;;;750
201500053282;15;10;14;1205;1;2;7;1;1;113;RUE JEANNE D ARC;;;;750
201500053290;15;10;20;1915;5;2;2;1;6;113;171, RUE DE TOLBIAC;;;;750
201500053293;15;10;22;1105;1;2;2;2;7;113;129, BOULEVARD MASSENA;;;;750
201500053294;15;10;22;1230;1;2;1;1;6;113;83, BOULEVARD DE L HOPIT;;;;750
201500053314;15;11;4;1950;5;2;2;1;3;113;27, RUE THOMAS MANN;;;;750
201500053317;15;11;6;1530;1;2;5;2;6;113;247, RUE DE TOLBIAC;;;;750
201500053332;15;11;23;853;1;2;3;1;7;113;20, RUE NATIONALE;;;;750
201500053337;15;11;27;1829;5;2;7;1;3;113;1, RUE BOBILLOT;;;;750
201500053338;15;11;27;2045;5;2;1;2;3;113;47, BOULEVARD DE L HOPIT;;;;750
201500053340;15;11;30;1435;1;2;2;1;3;113;BOULEVARD DE L HOPITAL;;;;750
201500053344;15;12;7;35;5;2;7;1;3;113;04, PLACE D ITALIE;;;;750
201500053352;15;12;17;1000;1;2;3;1;3;113;77, AVENUE DES GOBELINS;;;;750
201500053362;15;12;23;1257;1;2;3;1;2;113;55, AVENUE DES GOBELINS;;;;750
201500053373;15;1;21;800;1;2;1;1;7;114;05, RUE D ODESSA;;;;750
201500053382;15;1;29;815;1;2;1;1;3;114;35, RUE DU COMMANDANT RE;;;;750
201500053384;15;1;31;225;5;2;1;2;6;114;11, BOULEVARD JOURDAN;;;;750
201500053406;15;2;27;1115;1;2;1;1;3;114;168, RUE DU CHATEAU;;;;750
201500053407;15;2;27;1425;1;2;3;1;6;114;5, AVENUE DU GENERAL LEC;;;;750
201500053423;15;4;2;1815;1;2;7;2;3;114;PLACE DENFERT ROCHEREAU;;;;750
201500053446;15;4;30;1650;1;2;3;2;3;114;164, RUE D ALESIA;;;;750
201500053473;15;6;3;2030;1;2;2;1;3;114;RUE D ALESIA;;;;750
201500053487;15;8;28;1342;1;2;2;1;3;106;BOULEVARD DU MONTPARNASS;;;;750
201500053496;15;6;18;1345;1;2;2;2;6;113;64, RUE DU MOULIN DES PR;;;;750
201500053500;15;6;20;1534;1;2;1;1;7;114;7, BOULEVARD JOURDAN;;;;750
201500053510;15;7;3;1640;1;2;1;1;6;114;26, AVENUE DE L OBSERVAT;;;;750
201500053512;15;7;4;1950;2;2;3;1;3;107;196, RUE DE GRENELLE;;;;750
201500053516;15;7;9;1915;1;2;4;1;3;114;261, BOULEVARD RASPAIL;;;;750
201500053525;15;7;28;1520;1;2;1;1;7;114;59, AVENUE DU MAINE;;;;750
201500053527;15;8;3;1830;1;2;7;1;3;114;6, PLACE DENFERT ROCHERE;;;;750
201500053544;15;9;3;1640;1;2;4;1;3;114;130, AVENUE DU MAINE;;;;750
201500053548;15;9;7;1745;1;2;4;1;3;114;206, BOULEVARD RASPAIL;;;;750
201500053560;15;9;21;2255;5;2;1;1;2;115;104, RUE DE LA CONVENTIO;;;;750
201500053569;15;10;1;1840;1;2;2;2;3;114;310, RUE DIDOT;;;;750
201500053576;15;10;7;1345;1;2;1;1;3;114;21, AVENUE DU GENERAL LE;;;;750
201500053596;15;11;6;900;1;2;2;1;3;114;117, BOULEVARD DE PORT R;;;;750
201500053598;15;11;10;1207;1;2;2;1;3;114;23, AVENUE DU GENERAL LE;;;;750
201500053607;15;11;22;1315;1;2;6;7;3;114;PLACE DE CATALOGNE;;;;750
201500053613;15;11;29;1830;5;2;2;1;6;114;64, BOULEVARD BRUNE;;;;750
201500053629;15;12;16;1700;5;2;5;1;3;115;, RUE DE LA CONVENTION;;;;750
201500053633;15;12;20;1230;1;2;4;1;6;114;36, BOULEVARD BRUNE;;;;750
201500053646;15;1;17;1230;1;2;1;1;3;115;43, RUE DU COLONEL PIERR;;;;750
201500053654;15;1;29;1500;1;2;2;2;3;115;55, RUE DU COMMERCE;;;;750
201500053678;15;3;1;255;5;2;2;2;3;115;RUE DES VOLONTAIRES;;;;750
201500053683;15;3;6;1445;1;2;1;1;6;115;170, RUE DE LOURMEL;;;;750
201500053693;15;3;14;1350;1;2;1;1;3;115;194, RUE SAINT CHARLES;;;;750
201500053695;15;3;16;1435;1;2;2;1;3;115;88, RUE CAMBRONNE;;;;750
201500053696;15;3;17;2125;5;2;5;1;7;115;84, RUE CAMBRONNE;;;;750
201500053705;15;3;26;1550;1;2;3;2;2;115;14, AVENUE EMILE ZOLA;;;;750
201500053718;15;4;13;1250;1;2;1;1;6;115;196, RUE DE LA CONVENTIO;;;;750
201500053721;15;4;16;1635;1;2;1;1;7;115;2, BOULEVARD GARIBALDI;;;;750
201500053722;15;4;18;1120;1;2;1;1;6;115;4, PLACE DE LA PORTE DE;;;;750
201500053735;15;5;8;1100;1;2;2;1;6;115;17, RUE DUPLEIX;;;;750
201500053737;15;5;10;2020;2;2;1;1;3;115;49, BOULEVARD VICTOR;;;;750
201500053751;15;5;23;1551;1;2;1;1;6;115;7, RUE DE VOUILLE;;;;750
201500053760;15;6;3;1950;1;2;1;1;2;107;5, RUE DE BABYLONE;;;;750
201500053777;15;6;18;1030;1;2;2;1;3;106;61, BOULEVARD DU MONTPAR;;;;750
201500053789;15;7;9;745;1;2;5;1;7;115;219, RUE DE LA CROIX NIV;;;;750
201500053798;15;7;30;915;1;2;2;1;2;115;30, BOULEVARD VICTOR;;;;750
201500053810;15;8;29;1235;1;2;2;1;3;115;54, RUE DE VOUILLE;;;;750
201500053814;15;9;3;210;5;2;2;1;3;115;BOULEVARD VICTOR;;;;750
201500053817;15;9;7;1215;1;2;1;1;6;115;3, BOULEVARD GENERAL MAR;;;;750
201500053834;15;9;23;1710;1;2;3;1;3;115;165, RUE DE LA CONVENTIO;;;;750
201500053854;15;10;7;830;1;2;7;1;6;115;90, RUE CAMBRONNE;;;;750
201500053855;15;10;10;1625;1;2;1;1;6;115;62, RUE DE LA CROIX NIVE;;;;750
201500053860;15;10;16;1250;1;2;1;2;6;115;133, BOULEVARD DE GRENEL;;;;750
201500053870;15;10;27;755;2;2;1;1;3;115;62, RUE HENRY FARMAN;;;;750
201500053885;15;11;9;1750;5;2;1;1;2;115;320, RUE LECOURBE;;;;750
201500053889;15;11;17;1005;1;2;5;8;3;115;71, BOULEVARD PASTEUR;;;;750
201500053900;15;11;27;900;1;2;2;1;2;115;11, RUE DE LA CONVENTION;;;;750
201500053906;15;12;7;2130;5;2;2;1;3;115;30, BOULEVARD DU MONTPAR;;;;750
201500053916;15;12;23;1310;1;2;1;1;2;115;RUE HENRY FARMAN;;;;750
201500053922;15;12;31;2250;5;2;2;1;6;116;AVENUE DU PRESIDENT KENN;;;;750
201500053949;15;1;23;1515;1;2;4;1;6;116;50, RUE CLAUDE TERRASSE;;;;750
201500053967;15;2;5;845;1;2;3;1;2;116;55, BOULEVARD LANNES;;;;750
201500053986;15;2;19;1200;1;1;1;1;3;117;AVENUE DE NEUILLY;;;;750
201500054008;15;3;11;1015;1;2;3;1;2;116;ALLEE DU BORD DE L EAU;;;;750
201500054013;15;3;14;1400;1;2;2;1;3;116;RUE RIBERA;;;;750
201500054044;15;4;9;810;1;2;2;1;6;116;PONT DU GARIGLIANO;;;;750
201500054056;15;4;17;920;1;2;5;1;3;116;CHAUSSEE LA MUETTE;;;;750
201500054062;15;4;20;1650;1;2;7;1;6;116;RUE DE PRESBOURG;;;;750
201500054066;15;4;23;1510;1;2;2;1;3;116;ALLEE DE LONGCHAMP;;;;750
201500054118;15;6;1;1100;1;2;1;1;6;116;AVENUE DE NEW YORK;;;;750
201500054137;15;6;2;1745;1;2;1;1;2;116;ALLEE DU BORD DE L EAU;;;;750
201500054146;15;6;19;410;5;2;1;1;7;116;27, AVENUE DE LA GRANDE;;;;750
201500054153;15;6;23;1600;1;2;1;1;3;116;39, AVENUE D IENA;;;;750
201500054154;15;6;24;920;1;2;1;1;6;116;62, AVENUE DE NEW YORK;;;;750
201500054156;15;6;24;2240;5;2;1;1;7;116;AVENUE DE NEW YORK;;;;750
201500054172;15;7;1;1020;1;2;1;1;6;116;ROUTE DES TRIBUNES;;;;750
201500054194;15;7;14;1700;1;2;1;1;3;116;ROUTE DE SEVRES A NEUILL;;;;750
201500054200;15;7;22;1235;1;2;7;1;3;116;PLACE DU MARECHAL DE LAT;;;;750
201500054211;15;8;2;1120;1;2;2;1;6;116;AVENUE DE L HIPPODROME;;;;750
201500054213;15;8;3;720;1;2;1;1;6;116;ROUTE DES TRIBUNES;;;;750
201500054218;15;8;5;1932;1;2;5;1;6;116;ROUTE DES MOULINS;;;;750
201500054219;15;8;9;1235;1;2;1;1;4;116;ROUTE DE SEVRES A NEUILL;;;;750
201500054224;15;8;18;1615;1;2;1;1;1;116;ROUTE DE SEVRES A NEUILL;;;;750
201500054225;15;8;21;1425;1;2;1;1;2;116;AVENUE DE LA PORTE D AUT;;;;750
201500054226;15;8;22;1230;1;2;1;1;6;116;2, ROUTE DES TRIBUNES;;;;750
201500054234;15;8;29;1410;1;2;2;1;2;116;110, AVENUE RAYMOND POIN;;;;750
201500054235;15;8;30;1950;2;2;7;1;2;116;AVENUE DE NEW YORK;;;;750
201500054244;15;9;9;2115;3;2;3;1;3;116;RUE RAYNOUARD;;;;750
201500054249;15;9;10;1930;2;2;7;1;3;116;PLACE DU DOCTEUR HAYEM;;;;750
201500054278;15;10;1;50;5;2;1;1;3;116;64, AVENUE DE NEW YORK;;;;750
201500054285;15;10;2;2115;5;2;7;1;3;116;BOULEVARD MURAT;;;;750
201500054286;15;10;3;600;5;2;5;1;6;116;AVENUE DU PRESIDENT WILS;;;;750
201500054292;15;10;11;1425;1;2;2;1;3;116;BOULEVARD SUCHET;;;;750
201500054302;15;10;17;1915;5;2;1;1;2;116;59, AVENUE KLEBER;;;;750
201500054306;15;10;22;1430;1;2;7;1;2;116;1, PLACE DU TROCADERO ET;;;;750
201500054318;15;11;2;1520;1;2;1;1;3;116;20, AVENUE DU PRESIDENT;;;;750
201500054322;15;11;5;835;1;2;2;1;3;116;, AVENUE HENRI MARTIN;;;;750
201500054329;15;11;8;430;5;2;2;1;6;116;2, RUE DE L AMIRAL CLOUE;;;;750
201500054330;15;11;8;1220;1;2;7;1;6;116;ALLEE DE LONGCHAMP;;;;750
201500054332;15;11;8;1200;1;2;1;1;2;116;ROUTE DE SEVRES A NEUILL;;;;750
201500054334;15;11;10;1710;2;2;1;1;3;116;9, RUE MICHEL ANGE;;;;750
201500054348;15;11;23;1445;1;2;2;1;3;116;BOULEVARD EXELMANS;;;;750
201500054356;15;11;28;945;1;2;4;1;3;116;66, AVENUE DE NEW YORK;;;;750
201500054365;15;12;3;30;5;2;2;1;6;116;53, RUE DE BOULAINVILLIE;;;;750
201500054373;15;12;7;1630;1;2;5;1;3;116;170, AVENUE DE VERSAILLE;;;;750
201500054379;15;12;9;850;1;2;2;1;3;116;26, AVENUE DE NEW YORK;;;;750
201500054383;15;12;10;1945;4;2;2;1;3;116;ROUTE DE SEVRES A NEUILL;;;;750
201500054390;15;12;18;1520;1;2;1;2;3;116;35, AVENUE DE VERSAILLES;;;;750
201500054392;15;12;20;230;5;2;1;1;3;116;ALLEE DE LA REINE MARGUE;;;;750
201500054433;15;1;27;1905;5;2;1;1;3;117;102, AVENUE DE VILLIERS;;;;750
201500054440;15;2;2;1640;1;2;1;8;3;117;05, AVENUE DES TERNES;;;;750
201500054442;15;2;5;845;1;2;1;1;3;108;69, RUE DE COURCELLES;;;;750
201500054453;15;2;16;1745;2;2;4;1;6;117;22, AVENUE DE LA GRANDE;;;;750
201500054473;15;3;13;1915;5;2;2;1;3;117;27, AVENUE DE CLICHY;;;;750
201500054495;15;4;2;800;1;2;3;1;3;117;115, RUE DE ROME;;;;750
201500054501;15;4;5;1120;1;2;1;1;3;117;11, BOULEVARD BERTHIER;;;;750
201500054513;15;4;17;1450;1;2;3;1;3;117;25, BOULEVARD GOUVION SA;;;;750
201500054520;15;4;22;1335;1;2;1;1;6;117;1, RUE LEMERCIER;;;;750
201500054531;15;5;4;1650;1;2;1;2;3;117;14, PLACE GENERAL CATROU;;;;750
201500054542;15;5;12;955;1;2;1;1;3;117;20, BOULEVARD GOUVION SA;;;;750
201500054544;15;5;12;1315;1;2;1;1;6;117;24, RUE BROCHANT;;;;750
201500054546;15;5;13;1745;1;2;2;1;3;117;25, RUE GUERSANT;;;;750
201500054547;15;5;13;1845;1;2;1;1;2;117;7, BOULEVARD DU BOIS LE;;;;750
201500054550;15;5;17;1405;1;2;5;1;6;117;29, AVENUE NIEL;;;;750
201500054577;15;6;12;915;1;2;1;1;6;117;79, RUE JOUFFROY D ABBAN;;;;750
201500054579;15;6;12;2150;1;2;7;1;6;117;80, AVENUE DE LA GRANDE;;;;750
201500054581;15;6;14;1325;1;2;2;1;3;117;/, RUE DU CAPITAINE LAGA;;;;750
201500054588;15;5;17;1320;1;2;1;1;3;117;190, AVENUE DE CLICHY;;;;750
201500054589;15;6;17;1320;1;2;1;1;3;117;190, AVENUE DE CLICHY;;;;750
201500054593;15;6;21;1830;1;2;5;1;3;117;1, AVENUE STEPHANE MALLA;;;;750
201500054595;15;6;24;850;1;2;2;1;3;117;1, BOULEVARD DE LA SOMME;;;;750
201500054600;15;6;27;1520;1;2;1;1;3;117;43, AVENUE DE WAGRAM;;;;750
201500054603;15;6;30;645;1;2;2;1;3;117;RUE CARDINET;;;;750
201500054613;15;7;10;910;1;2;7;1;3;117;1, PLACE DE LA PORTE MAI;;;;750
201500054616;15;7;12;1510;1;2;5;1;3;117;04, BOULEVARD BERTHIER;;;;750
201500054625;15;7;21;1900;1;2;1;1;6;117;28, RUE LEGENDRE;;;;750
201500054651;15;9;2;1255;1;2;3;1;3;117;1, RUE CAROLINE;;;;750
201500054658;15;9;7;950;1;2;4;1;3;117;BOULEVARD PERSHING;;;;750
201500054660;15;9;9;1815;1;2;7;1;3;117;16, PLACE GENERAL CATROU;;;;750
201500054674;15;9;17;1245;1;2;4;2;6;117;57, AVENUE DE SAINT OUEN;;;;750
201500054686;15;9;26;1340;1;2;1;1;6;117;54, RUE DE PRONY;;;;750
201500054717;15;10;24;1515;1;2;2;1;6;117;AVENUE DE LA PORTE DE CL;;;;750
201500054724;15;10;31;215;5;2;2;1;2;117;96, AVENUE DE CLICHY;;;;750
201500054726;15;11;3;2200;5;2;2;2;3;117;02, AVENUE NIEL;;;;750
201500054735;15;11;13;1615;1;2;1;1;3;117;94, RUE LA CONDAMINE;;;;750
201500054740;15;11;16;1445;1;2;3;1;3;117;06, BOULEVARD PERSHING;;;;750
201500054741;15;11;17;1500;1;2;2;8;3;117;147, AVENUE DE VILLIERS;;;;750
201500054754;15;11;23;1000;1;2;1;1;2;117;97, RUE DE TOCQUEVILLE;;;;750
201500054759;15;11;26;15;5;2;7;1;6;117;10, RUE DE PONT A MOUSSO;;;;750
201500054764;15;12;1;1550;1;2;5;1;6;117;9, BOULEVARD PEREIRE;;;;750
201500054766;15;12;2;1650;1;2;4;1;3;117;152, BOULEVARD MALESHERB;;;;750
201500054778;15;12;10;853;2;2;1;1;3;108;2, PLACE DES TERNES;;;;750
201500054780;15;12;11;1815;5;2;7;1;3;117;2, PLACE DE LA PORTE MAI;;;;750
201500054793;15;12;24;30;5;2;2;1;6;117;72, AVENUE DE VILLIERS;;;;750
201500054828;15;1;30;1815;5;2;1;1;3;118;19, BOULEVARD NEY;;;;750
201500054832;15;2;3;910;1;2;3;1;5;118;22, BOULEVARD BARBES;;;;750
201500054883;15;4;2;1740;1;2;5;1;3;118;BOULEVARD NEY;;;;750
201500054884;15;4;3;1210;1;2;1;1;1;118;50, RUE VAUVENARGUES;;;;750
201500054889;15;4;10;1430;1;2;1;1;6;118;13, RUE DE L EVANGILE;;;;750
201500054895;15;4;17;2250;5;2;2;1;3;118;43, BOULEVARD BARBES;;;;750
201500054928;15;6;1;725;1;2;1;1;3;118;73, RUE RIQUET;;;;750