Num_Acc;an;mois;jour;hrmn;lum;agg;int;atm;col;com;adr;gps;lat;long;dep
201500054931;15;6;5;745;1;2;4;7;3;118;AVENUE DE LA PORTE DE SA;;;;750
201500054946;15;6;2;1000;1;2;2;1;3;118;RUE JACQUES KABLE;;;;750
201500054947;15;6;16;900;1;2;5;1;2;118;82, BOULEVARD DE CLICHY;;;;750
201500054967;15;7;7;2150;2;2;1;1;1;118;2, RUE RONSARD;;;;750
201500054977;15;7;24;55;5;2;7;1;3;118;46, BOULEVARD DE LA CHAP;;;;750
201500054993;15;8;15;1555;1;2;5;1;6;118;71, RUE ORDENER;;;;750
201500055000;15;8;24;1020;1;2;1;2;2;118;168, RUE DES POISSONNIER;;;;750
201500055002;15;8;25;1945;2;2;3;1;6;118;68, RUE MARX DORMOY;;;;750
201500055010;15;9;9;1330;1;2;5;1;2;118;BOULEVARD NEY;;;;750
201500055021;15;9;24;930;1;2;2;1;6;118;37, RUE LAMARCK;;;;750
201500055022;15;9;24;1415;1;2;1;1;2;118;5, BOULEVARD NEY;;;;750
201500055027;15;9;29;930;1;2;1;1;2;118;90, RUE LEIBNIZ;;;;750
201500055032;15;10;5;1840;2;2;2;3;3;118;44, BOULEVARD ORNANO;;;;750
201500055064;15;11;9;715;2;2;5;1;7;118;59, BOULEVARD BARBES;;;;750
201500055067;15;11;10;1540;1;2;4;1;6;118;56 ter, BOULEVARD NEY;;;;750
201500055082;15;11;22;1245;1;2;1;1;1;118;69, RUE ORDENER;;;;750
201500055088;15;11;28;1340;1;2;3;1;2;118;20, BOULEVARD BARBES;;;;750
201500055096;15;12;3;1905;5;2;1;1;3;118;66, BOULEVARD BARBES;;;;750
201500055118;15;12;26;1950;5;2;4;1;2;118;RUE CAULAINCOURT;;;;750
201500055130;15;1;16;630;5;2;1;1;3;119;209, AVENUE JEAN JAURES;;;;750
201500055140;15;1;24;1620;1;2;3;1;7;119;179, RUE DE CRIMEE;;;;750
201500055143;15;1;29;2007;5;2;1;2;6;119;11, RUE DE L OURCQ;;;;750
201500055145;15;2;4;1435;1;2;4;1;3;119;13, RUE GEORGES AURIC;;;;750
201500055157;15;2;23;930;1;2;5;1;3;119;BOULEVARD DE LA VILLETTE;;;;750
201500055159;15;2;23;1500;1;2;1;2;3;119;55, RUE EMILE REYNAUD;;;;750
201500055172;15;3;9;1455;1;2;1;1;2;119;125, AVENUE SIMON BOLIVA;;;;750
201500055173;15;3;10;900;1;2;3;1;3;119;151, RUE DE CRIMEE;;;;750
201500055186;15;3;31;930;1;2;1;2;7;119;70, AVENUE DE FLANDRE;;;;750
201500055188;15;3;31;1010;1;2;5;8;2;119;107, RUE MANIN;;;;750
201500055197;15;4;14;1645;1;2;7;1;3;119;2, AVENUE DE FLANDRE;;;;750
201500055198;15;4;15;740;1;2;1;1;6;119;152, AVENUE DE FLANDRE;;;;750
201500055216;15;5;5;1830;1;2;2;1;6;119;02, RUE D AUBERVILLIERS;;;;750
201500055225;15;5;19;1655;1;2;3;1;2;119;47, QUAI DE LA SEINE;;;;750
201500055229;15;5;22;1000;1;2;1;1;7;119;180, BOULEVARD SERURIER;;;;750
201500055232;15;5;26;1450;1;2;3;1;3;119;69, AVENUE JEAN JAURES;;;;750
201500055242;15;6;9;1745;1;2;3;8;3;119;214, AVENUE JEAN JAURES;;;;750
201500055245;15;6;12;2010;1;2;7;1;3;119;1, AVENUE DE LA PORTE DE;;;;750
201500055252;15;7;1;2145;2;2;7;1;3;119;2, AVENUE DE FLANDRE;;;;750
201500055258;15;7;28;1820;1;2;1;1;3;119;35, AVENUE MATHURIN MORE;;;;750
201500055270;15;9;26;2000;5;2;3;1;1;119;70, QUAI DE LA LOIRE;;;;750
201500055279;15;10;8;1720;1;2;3;1;7;119;135, RUE DE CRIMEE;;;;750
201500055291;15;6;6;1355;1;2;1;1;2;119;28, AVENUE SECRETAN;;;;750
201500055294;15;6;25;1930;1;2;1;1;3;119;18, RUE DE LA MARSEILLAI;;;;750
201500055314;15;7;18;1155;1;2;3;1;2;119;AVENUE CORENTIN CARIOU;;;;750
201500055317;15;7;23;1600;1;2;1;1;6;111;13, BOULEVARD VOLTAIRE;;;;750
201500055327;15;8;8;1740;1;2;1;1;3;119;248, RUE DE CRIMEE;;;;750
201500055330;15;8;28;2000;1;2;3;1;6;119;RUE DES MARCHAIS;;;;750
201500055337;15;9;10;1924;2;2;3;1;3;119;177, AVENUE JEAN JAURES;;;;750
201500055338;15;9;11;930;1;2;3;1;3;119;221, RUE DE BELLEVILLE;;;;750
201500055345;15;9;20;2050;5;2;1;1;3;119;98, AVENUE JEAN JAURES;;;;750
201500055350;15;9;30;1640;1;2;1;1;6;119;QUAI DE LA MARNE;;;;750
201500055369;15;11;3;750;1;2;3;1;5;119;214, AVENUE JEAN JAURES;;;;750
201500055382;15;11;17;1020;1;2;2;2;7;119;29, BOULEVARD D ALGERIE;;;;750
201500055386;15;11;27;1620;1;2;1;1;6;119;173, RUE DE CRIMEE;;;;750
201500055395;15;12;14;1215;1;2;4;1;3;119;PLACE DE LA PORTE DE PAN;;;;750
201500055409;15;1;11;1600;1;2;1;1;3;120;, AVENUE BENOIT FRACHON;;;;750
201500055418;15;1;19;1045;1;2;3;2;3;120;0, RUE DE LAGNY;;;;750
201500055426;15;1;22;850;1;2;5;1;6;120;0, RUE DES PYRENEES;;;;750
201500055465;15;3;4;830;1;2;1;1;6;120;2, RUE SCHUBERT;;;;750
201500055469;15;3;6;1800;1;2;1;1;6;120;S-8517, COURS DE VINCENN;;;;750
201500055470;15;3;8;1520;1;2;7;1;3;120;7, PLACE GAMBETTA;;;;750
201500055479;15;3;17;1845;2;2;1;1;7;120;29, AVENUE GAMBETTA;;;;750
201500055484;15;3;24;930;1;2;1;1;6;120;0, AVENUE GAMBETTA;;;;750
201500055532;15;5;31;235;5;2;1;1;6;120;6, RUE DES PARTANTS;;;;750
201500055540;15;6;9;1835;1;2;1;1;6;120;57, RUE SAINT BLAISE;;;;750
201500055553;15;6;23;900;1;2;1;1;3;120;BOULEVARD DE BELLEVILLE;;;;750
201500055554;15;6;25;820;1;2;2;1;1;120;RUE DES PYRENEES;;;;750
201500055559;15;6;30;2045;2;2;1;1;2;120;25, RUE HENRI CHEVREAU;;;;750
201500055571;15;7;14;110;5;2;2;1;3;120;155, RUE DES PYRENEES;;;;750
201500055576;15;7;27;2130;2;2;1;1;1;120;2, RUE DES PARTANTS;;;;750
201500055578;15;7;31;1300;1;2;1;1;3;120;58, RUE D AVRON;;;;750
201500055579;15;8;1;1630;1;2;1;1;6;120;145, BOULEVARD DAVOUT;;;;750
201500055593;15;8;27;1350;1;2;5;2;6;120;92, RUE DE BELLEVILLE;;;;750
201500055598;15;9;7;1045;1;2;1;1;7;120;27, RUE DE LA CHINE;;;;750
201500055616;15;9;22;1455;1;2;1;2;4;120;8, AVENUE DE LA PORTE DE;;;;750
201500055653;15;11;4;745;2;2;2;2;3;120;1, RUE DE MENILMONTANT;;;;750
201500055669;15;11;23;1050;1;2;1;1;6;120;315, RUE DES PYRENEES;;;;750
201500055683;15;12;20;1450;1;2;1;1;6;120;76, RUE PIERRE SOULIE;;;;750
201500055729;15;2;3;1205;1;2;7;1;2;114;AVENUE REILLE;;;;750
201500055746;15;2;22;1800;2;2;5;2;6;112;ESPLANADE SAINT LOUIS;;;;750
201500055750;15;2;26;1819;2;2;7;3;3;117;51 bis, BOULEVARD BERTHI;;;;750
201500055780;15;4;1;2340;5;2;3;1;3;108;RUE DE LA PEPINIERE;;;;750
201500055824;15;5;14;2040;5;2;1;2;2;120;RUE DE BELLEVILLE;;;;750
201500055841;15;5;30;1554;1;2;1;1;6;118;54, RUE DE CLIGNANCOURT;;;;750
201500055844;15;6;2;718;1;2;7;1;3;111;BOULEVARD VOLTAIRE;;;;750
201500055849;15;6;5;1750;1;2;1;1;7;115;PORT DE GRENELLE;;;;750
201500055866;15;6;16;915;1;2;2;1;3;105;QUAI SAINT MICHEL;;;;750
201500055867;15;6;16;1854;1;2;1;1;6;115;31-37, QUAI DE GRENELLE;;;;750
201500055884;15;6;29;1110;1;2;1;1;6;108;55, RUE DE ROME;;;;750
201500055885;15;6;27;1420;1;2;2;1;2;118;72, RUE DOUDEAUVILLE;M;4853181.0;221070.0;750
201500055887;15;6;25;2126;1;2;1;1;6;114;46, BOULEVARD BRUNE;;;;750
201500055906;15;7;15;1252;1;2;5;1;5;112;85, AVENUE LEDRU ROLLIN;;;;750
201500055909;15;7;18;217;5;2;2;1;3;104;/, RUE DE RIVOLI;;;;750
201500055936;15;8;17;839;1;2;2;1;3;109;RUE DE BRUXELLES;;;;750
201500055950;15;8;31;1900;1;2;7;1;7;105;PLACE VALHUBERT;;;;750
201500055958;15;9;9;1445;1;2;1;1;3;114;115, BOULEVARD BRUNE;;;;750
201500055962;15;9;11;1320;1;2;1;1;3;107;35, QUAI D ORSAY;;;;750
201500055978;15;9;24;903;1;2;5;1;3;106;QUAI DES GRANDS AUGUSTIN;;;;750
201500055986;15;9;30;1020;1;2;7;1;3;116;111, BOULEVARD SUCHET;;;;750
201500055994;15;10;8;840;1;2;7;1;1;117;02, RUE DE THANN;M;4888077.0;230911.0;750
201500055998;15;10;15;1637;1;2;5;1;3;115;, AVENUE EMILE ZOLA;;;;750
201500056013;15;10;29;1933;2;2;1;1;2;115;72, RUE HENRY FARMAN;;;;750
201500056056;15;12;3;908;1;2;2;1;3;114;15, BOULEVARD ROMAIN ROL;;;;750
201500056060;15;12;6;2225;5;2;2;1;3;119;111, RUE DE BELLEVILLE;;;;750
201500056062;15;12;7;1809;5;2;7;1;3;108;PLACE DU HAVRE;;;;750
201500056076;15;12;18;1600;1;2;3;1;3;115;33 bis, RUE MADEMOISELLE;;;;750
201500056078;15;12;18;2159;5;2;2;1;3;105;26, BOULEVARD SAINT MICH;;;;750
201500056079;15;12;20;1930;5;2;7;1;3;109;PLACE PIGALLE;;;;750
201500056190;15;3;25;1530;1;2;4;1;3;118;1, AVENUE DE LA PORTE DE;;;;750
201500056615;15;4;12;1445;1;2;3;1;1;219;;A;0.0;0.0;972
201500056654;15;7;13;1900;5;1;1;1;3;228;;A;0.0;0.0;972
201500056661;15;4;29;1030;1;2;1;1;6;104;164 rue de l'église;A;0.0;0.0;971
201500056667;15;7;14;1315;1;1;1;1;7;134;;A;0.0;0.0;971
201500056721;15;1;12;1900;3;1;1;1;2;129;;A;0.0;0.0;971
201500056729;15;7;29;1845;2;2;1;1;6;129;le boyer;A;0.0;0.0;971
201500056731;15;9;29;1615;1;1;2;1;3;129;;A;0.0;0.0;971
201500056762;15;8;3;1230;1;2;1;1;1;122;rue rodrigue;A;0.0;0.0;971
201500056770;15;1;19;1700;1;2;1;1;1;125;D 118;A;0.0;0.0;971
201500056774;15;7;29;1745;1;2;3;1;3;125;RN5;A;0.0;0.0;971
201500056783;15;6;17;1015;1;1;1;1;7;128;;A;0.0;0.0;971
201500056806;15;12;30;1615;1;1;1;8;3;116;;A;0.0;0.0;971
201500056808;15;2;7;945;1;1;1;1;5;305;;G;0.0;0.0;973
201500056833;15;9;13;1815;2;2;1;1;2;312;Albert anthony;G;0.0;0.0;973
201500056861;15;12;5;2000;3;1;1;1;2;311;;G;0.0;0.0;973
201500056864;15;2;22;1630;1;1;1;1;2;306;;G;0.0;0.0;973
201500056880;15;10;16;1615;1;1;1;1;3;408;;R;0.0;0.0;974
201500056884;15;1;26;1730;1;2;3;1;1;418;Rue Mozart;R;2089714.0;5556664.0;974
201500056885;15;1;27;700;1;1;6;1;3;418;;R;2091110.0;5551791.0;974
201500056886;15;2;26;2000;5;2;1;1;2;418;9 rue de la r?publique;R;2089742.0;5554883.0;974
201500056895;15;6;12;1730;2;2;1;1;1;418;Rue Héléne Boucher;R;0.0;0.0;974
201500056917;15;5;15;1715;2;1;1;2;3;419;;R;2120000.0;5579999.0;974
201500056928;15;7;4;830;3;1;9;1;1;415;;R;0.0;0.0;974
201500056956;15;7;14;2015;5;1;1;1;1;415;;R;0.0;0.0;974
201500056959;15;4;15;1745;2;1;1;8;1;423;;R;2111897.0;5529756.0;974
201500056970;15;5;24;1815;2;2;1;1;3;403;rue bras long;R;0.0;0.0;974
201500056979;15;8;1;1900;3;2;1;1;6;422;92a rue des acacias;R;2122552.0;5553091.0;974
201500056983;15;12;14;1600;1;1;1;1;1;405;;R;2133756.0;5554834.0;974
201500056995;15;12;11;1045;1;2;1;1;7;412;chemin fleur de cannes;R;2136935.0;5557528.0;974
201500057042;15;7;26;1200;1;1;1;1;2;103;;A;0.0;0.0;971
201500057077;15;9;9;1700;1;2;1;1;3;309;route de remire;G;0.0;0.0;973
201500057079;15;10;3;1730;1;2;1;1;1;309;Rue du vieux chemin;G;0.0;0.0;973
201500057100;15;11;16;1600;1;2;1;1;1;307;rue de la canneraie;G;0.0;0.0;973
201500057129;15;6;28;1130;1;1;1;1;6;418;;R;2092259.0;5556972.0;974
201500057132;15;1;15;2015;5;2;1;1;1;132;FOUR A CHAUX;A;0.0;0.0;971
201500057133;15;1;31;1100;1;2;1;1;3;132;chemin de l'?tang;A;0.0;0.0;971
201500057149;15;12;22;2345;3;1;1;1;1;414;;R;0.0;0.0;974
201500057170;15;1;28;1645;1;1;1;1;3;206;;A;0.0;0.0;972
201500057180;15;12;9;1600;1;1;1;1;1;221;;A;0.0;0.0;972
201500057198;15;11;1;1815;3;1;1;1;1;222;;A;0.0;0.0;972
201500057202;15;4;15;930;1;2;1;1;1;422;rue d'allemagne;R;2127860.0;5550489.0;974
201500057203;15;5;10;1830;3;2;1;1;1;422;186 CHEMIN ISAUTIER;R;2126023.0;5552189.0;974
201500057226;15;6;7;2030;5;2;3;1;3;107;MARQUISAT ( ROUTE DE );A;0.0;0.0;971
201500057242;15;4;12;2045;5;2;1;1;6;101;23, MAIRIE;A;;;971
201500057269;15;5;3;2220;1;1;1;1;1;101;CHAUVEL;A;;;971
201500057272;15;2;28;1030;1;2;1;1;3;101;103, CHAUVEL;A;;;971
201500057275;15;5;22;1710;1;2;3;1;5;101;RD, CHAUVEL;A;;;971
201500057277;15;5;22;2345;3;2;1;1;3;120;RD, CARENAGE;A;;;971
201500057278;15;3;10;1750;2;2;2;1;1;113;4, SECTION DUNOYER;A;;;971
201500057283;15;5;26;1900;5;2;1;1;2;101;RUE, RUE JEAN  IGNACE;A;;;971
201500057313;15;8;3;2202;3;2;1;1;1;101;RD129, ROUTE DE BOISVINS;A;;;971
201500057314;15;8;5;1300;1;1;6;1;2;120;BLD, GERTY ARCHIMEDE (RE;A;;;971
201500057327;15;10;2;1330;1;1;3;1;3;101;00, PAGES;A;;;971
201500057328;15;10;20;2237;5;2;1;1;3;101;00, JEAN  IGNACE (RUE);A;;;971
201500057332;15;11;13;1350;1;2;3;1;3;113;78, GENERAL DE GAULLE (A;A;;;971
201500057341;15;11;28;330;5;2;1;1;7;113;RN4, RN4 - SECTION RIVIE;A;;;971
201500057350;15;12;12;1500;1;2;2;3;1;111;3RD, BEAUMANOIR (SECTEUR;A;0.0;0.0;971
201500057353;15;12;26;1910;5;1;3;1;3;113;RN, SECTION GRANDE RAVIN;A;0.0;0.0;971
201500057355;15;12;25;1900;1;1;1;1;1;101;00, DUGAZON;A;0.0;0.0;971
201500057359;15;4;4;1930;5;1;1;1;7;209;47, RAVINE VILAINE (CHEM;A;0.0;0.0;972
201500057395;15;5;26;1740;1;1;1;1;2;209;2, BALATA (ROUTE DE);A;0.0;0.0;972
201500057426;15;8;9;910;1;2;6;1;1;209;2, RN9;A;0.0;0.0;972
201500057438;15;9;13;1740;1;1;1;1;6;209;4, TIVOLI (ROUTE DE );A;1463583.0;6107139.0;972
201500057441;15;9;15;1212;1;2;1;1;1;209;2, ROBERT ATTULY (BOULEV;A;1460359.0;6107442.0;972
201500057442;15;9;16;1935;5;2;1;1;6;209;3, JAMBETTE (ROUTE DE);A;1463091.0;6104224.0;972
201500057448;15;10;4;1650;1;2;1;1;6;209;4, GRAND CARAIBE (RUE DU;A;1460227.0;6107586.0;972
201500057485;15;4;24;2130;5;2;1;1;6;213;15, ERNEST ANDRE (RUE);A;0.0;0.0;972
201500057488;15;11;24;1756;1;1;1;1;3;213;ROUTE NATIONALE 1;A;0.0;0.0;972
201500057533;15;6;5;2115;3;1;1;1;6;213;ROUTE NATIONALE 5;A;0.0;0.0;972
201500057537;15;6;11;1755;2;1;1;1;6;213;AUTOROUTE A1;A;0.0;0.0;972
201500057552;15;7;27;1730;1;2;1;1;6;213;26, ALBERT CAMUS (RUE);A;0.0;0.0;972
201500057568;15;10;3;645;1;1;1;1;6;213;ZONE DE FRET;A;0.0;0.0;972
201500057592;15;4;10;1859;5;1;1;1;1;302;1, CATAYEE (JUSTIN);G;0.0;0.0;973
201500057596;15;4;19;1005;1;1;1;1;3;302;2570, BADUEL (ROUTE DE);G;0.0;0.0;973
201500057600;15;4;22;1240;1;2;1;1;3;302;80, MONTABO (ROUTE DE) 1;G;0.0;0.0;973
201500057613;15;5;4;940;1;2;2;1;3;302;13, PREVOT (ERNEST);G;493381.0;5233311.0;973
201500057614;15;5;6;1155;1;1;1;1;1;302;MARINGOUINS (ROND-POINT);G;490659.0;5231524.0;973
201500057623;15;5;13;1800;1;2;1;1;3;302;0.5, MORTIN (CITE);G;491513.0;5232658.0;973
201500057628;15;5;19;827;1;1;1;1;2;302;978, TROUBIRAN (CHEMIN D;G;492208.0;5230401.0;973
201500057645;15;5;27;2050;5;1;1;1;3;302;13, PREVOT (ERNEST);G;493377.0;5233308.0;973
201500057662;15;6;16;750;1;2;1;3;3;302;1214, MADELEINE (ROUTE D;G;492227.0;5232314.0;973
201500057665;15;6;23;1512;1;1;1;1;3;302;10, NEGRES MARONS (RUE D;G;492297.0;5231954.0;973
201500057678;15;6;30;1645;1;1;1;1;3;302;127, CABASSOU (ROUTE DE);G;491749.0;5231283.0;973
201500057682;15;7;5;2345;4;2;1;1;3;302;2066, TIGRE (ROUTE DU);G;490224.0;5230544.0;973
201500057709;15;8;9;2200;5;2;2;1;3;302;MANDELA  (BOULEVARD);G;494001.0;5232657.0;973
201500057714;15;2;17;920;1;2;1;2;2;302;KET TAI (CARREFOUR);G;0.0;0.0;973
201500057716;15;8;14;2240;4;2;3;1;1;302;4, BOUDINOT (AUGUSTE) CI;G;493214.0;5231984.0;973
201500057718;15;8;13;2135;5;1;3;1;2;302;64, FLAMBOYANTS (RUE DES;G;492687.0;5232402.0;973
201500057723;15;8;23;1050;1;2;1;1;1;302;126, JASMIN(LOTISSEMENT);G;491641.0;5233075.0;973
201500057728;15;8;29;1733;1;2;1;1;7;302;74, DE GAULLE (AVENUE);G;;;973
201500057759;15;10;2;636;1;1;1;1;6;302;1155, BADUEL (ROUTE DE);G;0.0;0.0;973
201500057765;15;10;5;1940;5;2;6;1;3;302;MARINGOUINS (ROND-POINT);G;490805.0;5232129.0;973
201500057781;15;9;9;1000;1;1;3;1;6;302;MARINGOUINS (ROND-POINT);G;490652.0;5231635.0;973
201500057786;15;8;25;945;1;1;1;1;3;302;MARINGOUINS (ROND-POINT);G;490505.0;5232344.0;973
201500057791;15;10;23;1520;1;2;1;1;6;302;MADELEINE (ROUTE DE LA);G;0.0;0.0;973
201500057799;15;10;27;1520;1;2;1;1;7;302;2313, MADELEINE (ROUTE D;G;491249.0;5231990.0;973
201500057812;15;11;5;1800;1;1;1;1;3;302;BADUEL (ROND POINT DE);G;0.0;0.0;973
201500057846;15;12;10;1210;1;2;3;1;3;302;FELIX EBOUE(ROCADE);G;;;973
201500057855;15;12;15;1415;1;2;1;1;2;302;2435, MONTABO (ROUTE DE);G;493836.0;5229899.0;973
201500057858;15;12;16;1805;2;1;2;1;3;302;1, ARON (ANDRE);G;0.0;0.0;973
201500057860;15;12;18;1420;1;2;1;1;2;302;1620, MONTABO (ROUTE DE);G;494349.0;5230696.0;973
201500057862;15;12;20;1830;1;1;1;1;3;302;24, 14 ET 22 JUIN 1962;G;493463.0;5232724.0;973
201500057867;15;12;23;2228;5;2;3;1;3;302;1, CATAYEE (JUSTIN);G;0.0;0.0;973
201500057869;15;12;24;2000;5;2;1;1;1;302;17, JADFARD (RENE);G;493448.0;5233124.0;973
201500057870;15;12;26;1710;1;2;1;1;1;302;83, RABAN (ROUTE DE);G;492059.0;5231127.0;973
201500057887;15;1;26;900;1;1;9;1;6;302;1605, MADELEINE (ROUTE D;G;0.0;0.0;973
201500057894;15;2;5;645;1;1;1;1;3;302;391, BADUEL (ROUTE DE);G;0.0;0.0;973
201500057913;15;2;16;1748;1;2;2;2;3;302;BARTHELEMY (RENE);G;0.0;0.0;973
201500057924;15;2;23;1435;1;2;1;1;2;302;0.5, EUGENE GOBERT(RUE);G;0.0;0.0;973
201500057927;15;2;24;1645;1;2;1;1;1;302;0.5, GALMOT (ROND-POINT);G;0.0;0.0;973
201500057928;15;2;24;1825;1;2;1;1;6;302;0.5, SACCHARIN(RUE);G;0.0;0.0;973
201500057949;15;3;10;1645;1;1;1;1;6;302;4, BOUDINOT (AUGUSTE) CI;G;0.0;0.0;973
201500057951;15;3;16;1806;1;1;1;2;1;302;6, SAINT MARTIN (RESIDEN;G;0.0;0.0;973
201500057955;15;3;17;835;1;2;1;1;2;302;444, SAINT ANTOINE (CHEM;G;0.0;0.0;973
201500057960;15;3;21;1017;1;1;1;1;6;302;57, MANGUES (RUE DES - C;G;0.0;0.0;973
201500057964;15;3;24;600;2;2;1;1;3;302;487, ZONE COLLERY I OU I;G;0.0;0.0;973
201500057971;15;3;27;1135;1;2;2;2;3;302;12, BRUTUS (CITE);G;0.0;0.0;973
201500057983;15;4;10;950;1;1;1;1;7;407;MASCAREIGNES(BOULEVARD);R;0.0;0.0;974
201500057989;15;4;15;755;1;2;2;1;3;407;CHEMIN DES ANGLAIS;R;2095669.0;5531325.0;974
201500057995;15;4;18;1640;1;2;3;1;3;407;COMMUNE DE PARIS (AVENUE;R;2094939.0;5529272.0;974
201500058001;15;3;6;1140;1;2;1;1;3;407;SAINT PAUL(RUE);R;2093670.0;5529007.0;974
201500058010;15;3;25;605;2;2;1;1;3;407;MARINE(BOULEVARD);R;2095089.0;5529071.0;974
201500058013;15;5;14;1645;1;2;1;1;6;407;MONPELLIER (RUE);R;2093793.0;5529575.0;974
201500058022;15;6;8;800;1;2;6;1;6;407;ROND POINT SACRE COEUR;R;2095599.0;5531200.0;974
201500058032;15;7;9;840;1;2;1;1;3;407;VERGES(AVENUE);R;2093947.0;5530315.0;974
201500058034;15;7;11;1930;2;2;2;1;6;407;APPOLINAIRE GUILLAUME(AL;R;2094095.0;5530194.0;974
201500058038;15;7;22;1845;3;2;1;1;1;407;VOIE DE LIAISON PORTUAIR;R;0.0;0.0;974
201500058059;15;11;4;745;1;2;1;2;1;407;19 MARS 1946(AVENUE DU);R;0.0;0.0;974
201500058060;15;11;5;1735;1;2;1;3;6;407;BOUVET (AVENUE);R;2095118.0;5529835.0;974
201500058062;15;11;21;600;1;2;8;1;1;407;CHERBOURG(RUE);R;2093858.0;5529672.0;974
201500058077;15;12;24;1600;1;2;1;1;1;407;BELLA KUN (RUE) - RIV. D;R;2096238.0;5531760.0;974
201500058082;15;4;8;1000;1;1;1;1;3;409;00, CHAMP BORNE (ROUTE D;R;2094385.0;5568148.0;974
201500058101;15;5;19;1145;1;1;1;1;7;409;7, DES COCOS(ALLEE);R;2095536.0;5565049.0;974
201500058115;15;8;15;1350;1;2;3;1;3;409;MASCAREIGNES (Avenue des;R;2094024.0;5564719.0;974
201500058118;15;10;7;720;1;2;1;1;3;409;837, ROCADE SUD(RUE);R;0.0;0.0;974
201500058145;15;4;18;1130;1;2;1;8;6;411;16, BRASSENS (AVENUE GEO;R;2090284.0;5548111.0;974
201500058146;15;1;26;1230;1;2;3;1;3;411;COUVENT (RUE DU);R;2088937.0;5545068.0;974
201500058173;15;6;16;1650;1;2;1;1;3;411;BOIS DE NEFLES (ROUTE DE;R;2089841.0;5547524.0;974
201500058189;15;8;24;815;1;2;2;1;3;411;MAGNAN (RUELLE);R;2088673.0;5546783.0;974
201500058212;15;11;30;740;1;2;2;1;3;416;EGLISE  (RUE DE L');R;2128772.0;5547117.0;974
201500058224;15;4;9;2020;4;2;1;1;1;416;73, PIOR (RUE HYPOLITTE);R;2129730.0;5545118.0;974
201500058225;15;1;16;1230;1;1;1;1;1;416;274, KM3 (CHEMIN);R;0.0;0.0;974
201500058227;15;1;17;950;1;2;3;1;3;416;SANS, CHEMINEE (ALLEE  D;R;2132576.0;5547692.0;974
201500058232;15;1;20;745;1;2;1;1;3;416;SANS, DE LA ZONE(ALLEE);R;2131826.0;5547331.0;974
201500058237;15;4;16;100;3;1;1;1;2;416;ANCIENNE RN2 (2);R;2135466.0;5551403.0;974
201500058252;15;2;6;2150;3;1;2;1;1;416;SANS, BOEUF (CHEMIN) (1);R;2129430.0;5546026.0;974
201500058270;15;2;12;825;2;1;1;1;2;416;9, BENARD (CHEMIN ANACLE;R;2128944.0;5547834.0;974
201500058287;15;2;18;1925;3;2;2;1;1;416;SANS, COLARDEAU (CHEMIN;R;0.0;0.0;974
201500058308;15;5;30;1425;1;2;3;1;3;416;30, SAUVEUR (CHEMIN SAIN;R;2128919.0;5550744.0;974
201500058311;15;6;1;1945;2;2;3;1;1;416;45, SALETTE (CHEMIN DE L;R;2132950.0;5547399.0;974
201500058318;15;3;15;610;2;2;1;1;7;416;SANS, LORION (RUE LUC);R;2133413.0;5547118.0;974
201500058340;15;3;29;1450;1;2;1;1;3;416;SANS, DELISLES (ROUTE HU;R;0.0;0.0;974
201500058342;15;6;3;1750;2;2;1;1;1;416;11, THEODORE THOMAS(RUE);R;2132466.0;5548227.0;974
201500058345;15;3;30;750;1;2;2;1;7;416;SANS, RECHERCHANT (RUE A;R;2128328.0;5547710.0;974
201500058348;15;7;5;2040;2;2;1;1;1;416;30, VERGES (AVENUE LAURE;R;2129836.0;5545733.0;974
201500058353;15;7;12;1525;1;2;1;1;6;416;361, GENERAL DE GAULLE(A;R;2136145.0;5553535.0;974
201500058414;15;10;11;720;1;1;1;1;2;416;RN1(BRETELLE ACCES);R;0.0;5527164.0;974
201500058416;15;10;16;115;3;1;1;1;1;416;RN3 (2);R;0.0;5529543.0;974
201500058436;15;11;1;1430;1;2;1;1;6;416;45 BIS, DELISLES (ROUTE;R;2132005.0;5555053.0;974
201500058446;15;12;5;2010;3;1;1;1;4;416;RN1 (ROUTE NATIONALE);R;0.0;0.0;974
201500058455;15;11;24;1010;1;2;1;1;2;611;mamoudzou centre-Hopital;Y;0.0;0.0;976
201500058466;15;12;7;2045;3;2;1;1;6;611;kaweni-Grande Traverse (;Y;0.0;0.0;976
201500058524;15;4;1;2220;5;2;1;1;1;611;mamoudzou centre-Adrian;Y;0.0;0.0;976
201500058584;15;7;15;1645;1;1;1;1;2;611;vahibe-Departementale 3;Y;0.0;0.0;976
201500058611;15;11;5;1650;1;2;1;1;3;611;mamoudzou centre-Préfect;Y;0.0;0.0;976
201500058616;15;9;28;1650;1;2;6;1;3;611;doujani-Mosquée doujani;Y;0.0;0.0;976
201500058626;15;10;7;1453;1;2;1;1;6;611;m'tsapere-Dahilou (rue);Y;0.0;0.0;976
201500058629;15;10;13;1135;1;2;4;1;3;611;mamoudzou centre-Préfect;Y;0.0;0.0;976
201500058648;15;11;4;1950;3;2;6;1;6;611;m'tsapere-Nationale 2 (r;Y;0.0;0.0;976